timestamp_utc,machine_id,source_id,value,unit
2026-02-02T14:00:00Z,DEMO-WS-01,REF-01-SPINDLE-CURRENT,2.40352790936,A
2026-02-02T14:00:00Z,DEMO-WS-01,REF-02-SPINDLE-SPEED,33635.8976847,RPM
2026-02-02T14:00:00Z,DEMO-WS-01,REF-03-SPINDLE-VIBRATION,2.09308468778,mm/s
2026-02-02T14:00:00Z,DEMO-WS-01,REF-04-COOLANT-PRESSURE,0.463901264293,MPa
2026-02-02T14:00:00Z,DEMO-WS-01,REF-05-COOLANT-FLOW,1.35398878309,L/min
2026-02-02T14:00:00Z,DEMO-WS-01,REF-06-FEED-AXIS-ERROR,10.7541498902,µm
2026-02-02T14:00:00Z,DEMO-WS-01,REF-07-COOLANT-TEMPERATURE,104.272851805,°C
2026-02-02T14:00:00.500Z,DEMO-WS-01,REF-03-SPINDLE-VIBRATION,2.09327490269,mm/s
2026-02-02T14:00:01Z,DEMO-WS-01,REF-01-SPINDLE-CURRENT,2.40373469543,A
2026-02-02T14:00:01Z,DEMO-WS-01,REF-02-SPINDLE-SPEED,33641.0673364,RPM
2026-02-02T14:00:01Z,DEMO-WS-01,REF-03-SPINDLE-VIBRATION,2.09346472466,mm/s
2026-02-02T14:00:01Z,DEMO-WS-01,REF-06-FEED-AXIS-ERROR,10.756102498,µm
2026-02-02T14:00:01.500Z,DEMO-WS-01,REF-03-SPINDLE-VIBRATION,2.09365376157,mm/s
2026-02-02T14:00:02Z,DEMO-WS-01,REF-01-SPINDLE-CURRENT,2.40394025851,A
2026-02-02T14:00:02Z,DEMO-WS-01,REF-02-SPINDLE-SPEED,33646.2064135,RPM
2026-02-02T14:00:02Z,DEMO-WS-01,REF-03-SPINDLE-VIBRATION,2.0938416229,mm/s
2026-02-02T14:00:02Z,DEMO-WS-01,REF-04-COOLANT-PRESSURE,0.46426290046,MPa
2026-02-02T14:00:02Z,DEMO-WS-01,REF-05-COOLANT-FLOW,1.35447843441,L/min
2026-02-02T14:00:02Z,DEMO-WS-01,REF-06-FEED-AXIS-ERROR,10.7580389797,µm
2026-02-02T14:00:02.500Z,DEMO-WS-01,REF-03-SPINDLE-VIBRATION,2.09402792059,mm/s
2026-02-02T14:00:03Z,DEMO-WS-01,REF-01-SPINDLE-CURRENT,2.40414338287,A
2026-02-02T14:00:03Z,DEMO-WS-01,REF-02-SPINDLE-SPEED,33651.2845223,RPM
2026-02-02T14:00:03Z,DEMO-WS-01,REF-03-SPINDLE-VIBRATION,2.09421226979,mm/s
2026-02-02T14:00:03Z,DEMO-WS-01,REF-06-FEED-AXIS-ERROR,10.7599433423,µm
2026-02-02T14:00:03.500Z,DEMO-WS-01,REF-03-SPINDLE-VIBRATION,2.09439428967,mm/s
2026-02-02T14:00:04Z,DEMO-WS-01,REF-01-SPINDLE-CURRENT,2.40434286716,A
2026-02-02T14:00:04Z,DEMO-WS-01,REF-02-SPINDLE-SPEED,33656.2716296,RPM
2026-02-02T14:00:04Z,DEMO-WS-01,REF-03-SPINDLE-VIBRATION,2.09457360423,mm/s
2026-02-02T14:00:04Z,DEMO-WS-01,REF-04-COOLANT-PRESSURE,0.464612614609,MPa
2026-02-02T14:00:04Z,DEMO-WS-01,REF-05-COOLANT-FLOW,1.35495194344,L/min
2026-02-02T14:00:04Z,DEMO-WS-01,REF-06-FEED-AXIS-ERROR,10.7617998581,µm
2026-02-02T14:00:04.500Z,DEMO-WS-01,REF-03-SPINDLE-VIBRATION,2.09474984305,mm/s
2026-02-02T14:00:05Z,DEMO-WS-01,REF-01-SPINDLE-CURRENT,2.40453753159,A
2026-02-02T14:00:05Z,DEMO-WS-01,REF-02-SPINDLE-SPEED,33661.1382405,RPM
2026-02-02T14:00:05Z,DEMO-WS-01,REF-03-SPINDLE-VIBRATION,2.09492264205,mm/s
2026-02-02T14:00:05Z,DEMO-WS-01,REF-06-FEED-AXIS-ERROR,10.7635931946,µm
2026-02-02T14:00:05.500Z,DEMO-WS-01,REF-03-SPINDLE-VIBRATION,2.09509164429,mm/s
2026-02-02T14:00:06Z,DEMO-WS-01,REF-01-SPINDLE-CURRENT,2.40472622488,A
2026-02-02T14:00:06Z,DEMO-WS-01,REF-02-SPINDLE-SPEED,33665.8555725,RPM
2026-02-02T14:00:06Z,DEMO-WS-01,REF-03-SPINDLE-VIBRATION,2.09525650063,mm/s
2026-02-02T14:00:06Z,DEMO-WS-01,REF-04-COOLANT-PRESSURE,0.464938877755,MPa
2026-02-02T14:00:06Z,DEMO-WS-01,REF-05-COOLANT-FLOW,1.35539370008,L/min
2026-02-02T14:00:06Z,DEMO-WS-01,REF-06-FEED-AXIS-ERROR,10.7653085409,µm
2026-02-02T14:00:06.500Z,DEMO-WS-01,REF-03-SPINDLE-VIBRATION,2.09541687053,mm/s
2026-02-02T14:00:07Z,DEMO-WS-01,REF-01-SPINDLE-CURRENT,2.40490783103,A
2026-02-02T14:00:07Z,DEMO-WS-01,REF-02-SPINDLE-SPEED,33670.3957264,RPM
2026-02-02T14:00:07Z,DEMO-WS-01,REF-03-SPINDLE-VIBRATION,2.0955724227,mm/s
2026-02-02T14:00:07Z,DEMO-WS-01,REF-06-FEED-AXIS-ERROR,10.7669317305,µm
2026-02-02T14:00:07.500Z,DEMO-WS-01,REF-03-SPINDLE-VIBRATION,2.0957228358,mm/s
2026-02-02T14:00:08Z,DEMO-WS-01,REF-01-SPINDLE-CURRENT,2.40508127599,A
2026-02-02T14:00:08Z,DEMO-WS-01,REF-02-SPINDLE-SPEED,33674.7318505,RPM
2026-02-02T14:00:08Z,DEMO-WS-01,REF-03-SPINDLE-VIBRATION,2.09586779912,mm/s
2026-02-02T14:00:08Z,DEMO-WS-01,REF-04-COOLANT-PRESSURE,0.46523093402,MPa
2026-02-02T14:00:08Z,DEMO-WS-01,REF-05-COOLANT-FLOW,1.35578914099,L/min
2026-02-02T14:00:08Z,DEMO-WS-01,REF-06-FEED-AXIS-ERROR,10.7684493577,µm
2026-02-02T14:00:08.500Z,DEMO-WS-01,REF-03-SPINDLE-VIBRATION,2.09600701321,mm/s
2026-02-02T14:00:09Z,DEMO-WS-01,REF-01-SPINDLE-CURRENT,2.40524553397,A
2026-02-02T14:00:09Z,DEMO-WS-01,REF-02-SPINDLE-SPEED,33678.8382999,RPM
2026-02-02T14:00:09Z,DEMO-WS-01,REF-03-SPINDLE-VIBRATION,2.09614019047,mm/s
2026-02-02T14:00:09Z,DEMO-WS-01,REF-06-FEED-AXIS-ERROR,10.769848889,µm
2026-02-02T14:00:09.500Z,DEMO-WS-01,REF-03-SPINDLE-VIBRATION,2.0962670558,mm/s
2026-02-02T14:00:10Z,DEMO-WS-01,REF-01-SPINDLE-CURRENT,2.4053996335,A
2026-02-02T14:00:10Z,DEMO-WS-01,REF-02-SPINDLE-SPEED,33682.6907881,RPM
2026-02-02T14:00:10Z,DEMO-WS-01,REF-03-SPINDLE-VIBRATION,2.09638734711,mm/s
2026-02-02T14:00:10Z,DEMO-WS-01,REF-04-COOLANT-PRESSURE,0.465479155219,MPa
2026-02-02T14:00:10Z,DEMO-WS-01,REF-05-COOLANT-FLOW,1.35612522971,L/min
2026-02-02T14:00:10Z,DEMO-WS-01,REF-06-FEED-AXIS-ERROR,10.7711187657,µm
2026-02-02T14:00:10Z,DEMO-WS-01,REF-07-COOLANT-TEMPERATURE,104.437382992,°C
2026-02-02T14:00:10.500Z,DEMO-WS-01,REF-03-SPINDLE-VIBRATION,2.09650081593,mm/s
2026-02-02T14:00:11Z,DEMO-WS-01,REF-01-SPINDLE-CURRENT,2.40554266319,A
2026-02-02T14:00:11Z,DEMO-WS-01,REF-02-SPINDLE-SPEED,33686.2665305,RPM
2026-02-02T14:00:11Z,DEMO-WS-01,REF-03-SPINDLE-VIBRATION,2.09660722785,mm/s
2026-02-02T14:00:11Z,DEMO-WS-01,REF-06-FEED-AXIS-ERROR,10.7722485004,µm
2026-02-02T14:00:11.500Z,DEMO-WS-01,REF-03-SPINDLE-VIBRATION,2.09670636304,mm/s
2026-02-02T14:00:12Z,DEMO-WS-01,REF-01-SPINDLE-CURRENT,2.40567377715,A
2026-02-02T14:00:12Z,DEMO-WS-01,REF-02-SPINDLE-SPEED,33689.5443793,RPM
2026-02-02T14:00:12Z,DEMO-WS-01,REF-03-SPINDLE-VIBRATION,2.09679801672,mm/s
2026-02-02T14:00:12Z,DEMO-WS-01,REF-04-COOLANT-PRESSURE,0.465675358272,MPa
2026-02-02T14:00:12Z,DEMO-WS-01,REF-05-COOLANT-FLOW,1.35639088644,L/min
2026-02-02T14:00:12Z,DEMO-WS-01,REF-06-FEED-AXIS-ERROR,10.7732287628,µm
2026-02-02T14:00:12.500Z,DEMO-WS-01,REF-03-SPINDLE-VIBRATION,2.09688199956,mm/s
2026-02-02T14:00:13Z,DEMO-WS-01,REF-01-SPINDLE-CURRENT,2.40579219992,A
2026-02-02T14:00:13Z,DEMO-WS-01,REF-02-SPINDLE-SPEED,33692.5049486,RPM
2026-02-02T14:00:13Z,DEMO-WS-01,REF-03-SPINDLE-VIBRATION,2.09695813806,mm/s
2026-02-02T14:00:13Z,DEMO-WS-01,REF-06-FEED-AXIS-ERROR,10.774051457,µm
2026-02-02T14:00:13.500Z,DEMO-WS-01,REF-03-SPINDLE-VIBRATION,2.09702627494,mm/s
2026-02-02T14:00:14Z,DEMO-WS-01,REF-01-SPINDLE-CURRENT,2.40589723112,A
2026-02-02T14:00:14Z,DEMO-WS-01,REF-02-SPINDLE-SPEED,33695.1307288,RPM
2026-02-02T14:00:14Z,DEMO-WS-01,REF-03-SPINDLE-VIBRATION,2.09708626944,mm/s
2026-02-02T14:00:14Z,DEMO-WS-01,REF-04-COOLANT-PRESSURE,0.465813074976,MPa
2026-02-02T14:00:14Z,DEMO-WS-01,REF-05-COOLANT-FLOW,1.35657735331,L/min
2026-02-02T14:00:14Z,DEMO-WS-01,REF-06-FEED-AXIS-ERROR,10.7747097888,µm
2026-02-02T14:00:14.500Z,DEMO-WS-01,REF-03-SPINDLE-VIBRATION,2.09713799765,mm/s
2026-02-02T14:00:15Z,DEMO-WS-01,REF-01-SPINDLE-CURRENT,2.40598824959,A
2026-02-02T14:00:15Z,DEMO-WS-01,REF-02-SPINDLE-SPEED,33697.4061904,RPM
2026-02-02T14:00:15Z,DEMO-WS-01,REF-03-SPINDLE-VIBRATION,2.09718135268,mm/s
2026-02-02T14:00:15Z,DEMO-WS-01,REF-06-FEED-AXIS-ERROR,10.7751983211,µm
2026-02-02T14:00:15.500Z,DEMO-WS-01,REF-03-SPINDLE-VIBRATION,2.09721624499,mm/s
2026-02-02T14:00:16Z,DEMO-WS-01,REF-01-SPINDLE-CURRENT,2.406064717,A
2026-02-02T14:00:16Z,DEMO-WS-01,REF-02-SPINDLE-SPEED,33699.3178757,RPM
2026-02-02T14:00:16Z,DEMO-WS-01,REF-03-SPINDLE-VIBRATION,2.09724260249,mm/s
2026-02-02T14:00:16Z,DEMO-WS-01,REF-04-COOLANT-PRESSURE,0.465887765241,MPa
2026-02-02T14:00:16Z,DEMO-WS-01,REF-05-COOLANT-FLOW,1.35667848309,L/min
2026-02-02T14:00:16Z,DEMO-WS-01,REF-06-FEED-AXIS-ERROR,10.7755130191,µm
2026-02-02T14:00:16.500Z,DEMO-WS-01,REF-03-SPINDLE-VIBRATION,2.09726037074,mm/s
2026-02-02T14:00:17Z,DEMO-WS-01,REF-01-SPINDLE-CURRENT,2.40612618112,A
2026-02-02T14:00:17Z,DEMO-WS-01,REF-02-SPINDLE-SPEED,33700.8544787,RPM
2026-02-02T14:00:17Z,DEMO-WS-01,REF-03-SPINDLE-VIBRATION,2.09726951304,mm/s
2026-02-02T14:00:17Z,DEMO-WS-01,REF-06-FEED-AXIS-ERROR,10.775651284,µm
2026-02-02T14:00:17.500Z,DEMO-WS-01,REF-03-SPINDLE-VIBRATION,2.09727001048,mm/s
2026-02-02T14:00:18Z,DEMO-WS-01,REF-01-SPINDLE-CURRENT,2.40617227843,A
2026-02-02T14:00:18Z,DEMO-WS-01,REF-02-SPINDLE-SPEED,33702.0069114,RPM
2026-02-02T14:00:18Z,DEMO-WS-01,REF-03-SPINDLE-VIBRATION,2.09726186206,mm/s
2026-02-02T14:00:18Z,DEMO-WS-01,REF-04-COOLANT-PRESSURE,0.465896966761,MPa
2026-02-02T14:00:18Z,DEMO-WS-01,REF-05-COOLANT-FLOW,1.35669094185,L/min
2026-02-02T14:00:18Z,DEMO-WS-01,REF-06-FEED-AXIS-ERROR,10.7756119737,µm
2026-02-02T14:00:18.500Z,DEMO-WS-01,REF-03-SPINDLE-VIBRATION,2.09724508459,mm/s
2026-02-02T14:00:19Z,DEMO-WS-01,REF-01-SPINDLE-CURRENT,2.4062027363,A
2026-02-02T14:00:19Z,DEMO-WS-01,REF-02-SPINDLE-SPEED,33702.7683582,RPM
2026-02-02T14:00:19Z,DEMO-WS-01,REF-03-SPINDLE-VIBRATION,2.09721971274,mm/s
2026-02-02T14:00:19Z,DEMO-WS-01,REF-06-FEED-AXIS-ERROR,10.7753954129,µm
2026-02-02T14:00:19.500Z,DEMO-WS-01,REF-03-SPINDLE-VIBRATION,2.09718579893,mm/s
2026-02-02T14:00:20Z,DEMO-WS-01,REF-01-SPINDLE-CURRENT,2.40621737459,A
2026-02-02T14:00:20Z,DEMO-WS-01,REF-02-SPINDLE-SPEED,33703.1343155,RPM
2026-02-02T14:00:20Z,DEMO-WS-01,REF-03-SPINDLE-VIBRATION,2.0971434132,mm/s
2026-02-02T14:00:20Z,DEMO-WS-01,REF-04-COOLANT-PRESSURE,0.465840376191,MPa
2026-02-02T14:00:20Z,DEMO-WS-01,REF-05-COOLANT-FLOW,1.35661431885,L/min
2026-02-02T14:00:20Z,DEMO-WS-01,REF-06-FEED-AXIS-ERROR,10.7750033902,µm
2026-02-02T14:00:20Z,DEMO-WS-01,REF-07-COOLANT-TEMPERATURE,104.475048533,°C
2026-02-02T14:00:20.500Z,DEMO-WS-01,REF-03-SPINDLE-VIBRATION,2.09709264312,mm/s
2026-02-02T14:00:21Z,DEMO-WS-01,REF-01-SPINDLE-CURRENT,2.40621610674,A
2026-02-02T14:00:21Z,DEMO-WS-01,REF-02-SPINDLE-SPEED,33703.1026191,RPM
2026-02-02T14:00:21Z,DEMO-WS-01,REF-03-SPINDLE-VIBRATION,2.09703359357,mm/s
2026-02-02T14:00:21Z,DEMO-WS-01,REF-06-FEED-AXIS-ERROR,10.7744391432,µm
2026-02-02T14:00:21.500Z,DEMO-WS-01,REF-03-SPINDLE-VIBRATION,2.09696638652,mm/s
2026-02-02T14:00:22Z,DEMO-WS-01,REF-01-SPINDLE-CURRENT,2.40619894023,A
2026-02-02T14:00:22Z,DEMO-WS-01,REF-02-SPINDLE-SPEED,33702.6734564,RPM
2026-02-02T14:00:22Z,DEMO-WS-01,REF-03-SPINDLE-VIBRATION,2.09689116082,mm/s
2026-02-02T14:00:22Z,DEMO-WS-01,REF-04-COOLANT-PRESSURE,0.465719859147,MPa
2026-02-02T14:00:22Z,DEMO-WS-01,REF-05-COOLANT-FLOW,1.35645114013,L/min
2026-02-02T14:00:22Z,DEMO-WS-01,REF-06-FEED-AXIS-ERROR,10.7737073318,µm
2026-02-02T14:00:22.500Z,DEMO-WS-01,REF-03-SPINDLE-VIBRATION,2.09680807186,mm/s
2026-02-02T14:00:23Z,DEMO-WS-01,REF-01-SPINDLE-CURRENT,2.4061659766,A
2026-02-02T14:00:23Z,DEMO-WS-01,REF-02-SPINDLE-SPEED,33701.8493656,RPM
2026-02-02T14:00:23Z,DEMO-WS-01,REF-03-SPINDLE-VIBRATION,2.09671729128,mm/s
2026-02-02T14:00:23Z,DEMO-WS-01,REF-06-FEED-AXIS-ERROR,10.772814,µm
2026-02-02T14:00:23.500Z,DEMO-WS-01,REF-03-SPINDLE-VIBRATION,2.09661900661,mm/s
2026-02-02T14:00:24Z,DEMO-WS-01,REF-01-SPINDLE-CURRENT,2.4061174108,A
2026-02-02T14:00:24Z,DEMO-WS-01,REF-02-SPINDLE-SPEED,33700.6352205,RPM
2026-02-02T14:00:24Z,DEMO-WS-01,REF-03-SPINDLE-VIBRATION,2.09651342089,mm/s
2026-02-02T14:00:24Z,DEMO-WS-01,REF-04-COOLANT-PRESSURE,0.465539388698,MPa
2026-02-02T14:00:24Z,DEMO-WS-01,REF-05-COOLANT-FLOW,1.35620678516,L/min
2026-02-02T14:00:24Z,DEMO-WS-01,REF-06-FEED-AXIS-ERROR,10.7717665256,µm
2026-02-02T14:00:24.500Z,DEMO-WS-01,REF-03-SPINDLE-VIBRATION,2.09640075223,mm/s
2026-02-02T14:00:25Z,DEMO-WS-01,REF-01-SPINDLE-CURRENT,2.40605353005,A
2026-02-02T14:00:25Z,DEMO-WS-01,REF-02-SPINDLE-SPEED,33699.038202,RPM
2026-02-02T14:00:25Z,DEMO-WS-01,REF-03-SPINDLE-VIBRATION,2.09628123337,mm/s
2026-02-02T14:00:25Z,DEMO-WS-01,REF-06-FEED-AXIS-ERROR,10.7705735593,µm
2026-02-02T14:00:25.500Z,DEMO-WS-01,REF-03-SPINDLE-VIBRATION,2.09615511122,mm/s
2026-02-02T14:00:26Z,DEMO-WS-01,REF-01-SPINDLE-CURRENT,2.40597471218,A
2026-02-02T14:00:26Z,DEMO-WS-01,REF-02-SPINDLE-SPEED,33697.0677551,RPM
2026-02-02T14:00:26Z,DEMO-WS-01,REF-03-SPINDLE-VIBRATION,2.09602264631,mm/s
2026-02-02T14:00:26Z,DEMO-WS-01,REF-04-COOLANT-PRESSURE,0.465304914394,MPa
2026-02-02T14:00:26Z,DEMO-WS-01,REF-05-COOLANT-FLOW,1.35588930958,L/min
2026-02-02T14:00:26Z,DEMO-WS-01,REF-06-FEED-AXIS-ERROR,10.7692449538,µm
2026-02-02T14:00:26.500Z,DEMO-WS-01,REF-03-SPINDLE-VIBRATION,2.09588411229,mm/s
2026-02-02T14:00:27Z,DEMO-WS-01,REF-01-SPINDLE-CURRENT,2.40588142332,A
2026-02-02T14:00:27Z,DEMO-WS-01,REF-02-SPINDLE-SPEED,33694.7355336,RPM
2026-02-02T14:00:27Z,DEMO-WS-01,REF-03-SPINDLE-VIBRATION,2.09573979532,mm/s
2026-02-02T14:00:27Z,DEMO-WS-01,REF-06-FEED-AXIS-ERROR,10.7677916815,µm
2026-02-02T14:00:27.500Z,DEMO-WS-01,REF-03-SPINDLE-VIBRATION,2.09558999354,mm/s
2026-02-02T14:00:28Z,DEMO-WS-01,REF-01-SPINDLE-CURRENT,2.4057742152,A
2026-02-02T14:00:28Z,DEMO-WS-01,REF-02-SPINDLE-SPEED,33692.0553308,RPM
2026-02-02T14:00:28Z,DEMO-WS-01,REF-03-SPINDLE-VIBRATION,2.0954350164,mm/s
2026-02-02T14:00:28Z,DEMO-WS-01,REF-04-COOLANT-PRESSURE,0.465024166121,MPa
2026-02-02T14:00:28Z,DEMO-WS-01,REF-05-COOLANT-FLOW,1.35550917957,L/min
2026-02-02T14:00:28Z,DEMO-WS-01,REF-06-FEED-AXIS-ERROR,10.7662257448,µm
2026-02-02T14:00:28.500Z,DEMO-WS-01,REF-03-SPINDLE-VIBRATION,2.09527518405,mm/s
2026-02-02T14:00:29Z,DEMO-WS-01,REF-01-SPINDLE-CURRENT,2.40565372189,A
2026-02-02T14:00:29Z,DEMO-WS-01,REF-02-SPINDLE-SPEED,33689.042998,RPM
2026-02-02T14:00:29Z,DEMO-WS-01,REF-03-SPINDLE-VIBRATION,2.09511082665,mm/s
2026-02-02T14:00:29Z,DEMO-WS-01,REF-06-FEED-AXIS-ERROR,10.7645600763,µm
2026-02-02T14:00:29.500Z,DEMO-WS-01,REF-03-SPINDLE-VIBRATION,2.09494228374,mm/s
2026-02-02T14:00:30Z,DEMO-WS-01,REF-01-SPINDLE-CURRENT,2.40552065601,A
2026-02-02T14:00:30Z,DEMO-WS-01,REF-02-SPINDLE-SPEED,33685.716351,RPM
2026-02-02T14:00:30Z,DEMO-WS-01,REF-03-SPINDLE-VIBRATION,2.09476990348,mm/s
2026-02-02T14:00:30Z,DEMO-WS-01,REF-04-COOLANT-PRESSURE,0.464706399274,MPa
2026-02-02T14:00:30Z,DEMO-WS-01,REF-05-COOLANT-FLOW,1.35507892683,L/min
2026-02-02T14:00:30Z,DEMO-WS-01,REF-06-FEED-AXIS-ERROR,10.7628084325,µm
2026-02-02T14:00:30Z,DEMO-WS-01,REF-07-COOLANT-TEMPERATURE,104.356805526,°C
2026-02-02T14:00:30.500Z,DEMO-WS-01,REF-03-SPINDLE-VIBRATION,2.09459404197,mm/s
2026-02-02T14:00:31Z,DEMO-WS-01,REF-01-SPINDLE-CURRENT,2.40537580454,A
2026-02-02T14:00:31Z,DEMO-WS-01,REF-02-SPINDLE-SPEED,33682.0950642,RPM
2026-02-02T14:00:31Z,DEMO-WS-01,REF-03-SPINDLE-VIBRATION,2.0944150625,mm/s
2026-02-02T14:00:31Z,DEMO-WS-01,REF-06-FEED-AXIS-ERROR,10.7609852797,µm
2026-02-02T14:00:31.500Z,DEMO-WS-01,REF-03-SPINDLE-VIBRATION,2.09423333479,mm/s
2026-02-02T14:00:32Z,DEMO-WS-01,REF-01-SPINDLE-CURRENT,2.40522002417,A
2026-02-02T14:00:32Z,DEMO-WS-01,REF-02-SPINDLE-SPEED,33678.200555,RPM
2026-02-02T14:00:32Z,DEMO-WS-01,REF-03-SPINDLE-VIBRATION,2.09404923425,mm/s
2026-02-02T14:00:32Z,DEMO-WS-01,REF-04-COOLANT-PRESSURE,0.464362089637,MPa
2026-02-02T14:00:32Z,DEMO-WS-01,REF-05-COOLANT-FLOW,1.35461273544,L/min
2026-02-02T14:00:32Z,DEMO-WS-01,REF-06-FEED-AXIS-ERROR,10.759105675,µm
2026-02-02T14:00:32.500Z,DEMO-WS-01,REF-03-SPINDLE-VIBRATION,2.09386314119,mm/s
2026-02-02T14:00:33Z,DEMO-WS-01,REF-01-SPINDLE-CURRENT,2.40505423623,A
2026-02-02T14:00:33Z,DEMO-WS-01,REF-02-SPINDLE-SPEED,33674.0558563,RPM
2026-02-02T14:00:33Z,DEMO-WS-01,REF-03-SPINDLE-VIBRATION,2.09367544004,mm/s
2026-02-02T14:00:33Z,DEMO-WS-01,REF-06-FEED-AXIS-ERROR,10.7571851416,µm
2026-02-02T14:00:33.500Z,DEMO-WS-01,REF-03-SPINDLE-VIBRATION,2.09348651853,mm/s
2026-02-02T14:00:34Z,DEMO-WS-01,REF-01-SPINDLE-CURRENT,2.40487942121,A
2026-02-02T14:00:34Z,DEMO-WS-01,REF-02-SPINDLE-SPEED,33669.685481,RPM
2026-02-02T14:00:34Z,DEMO-WS-01,REF-03-SPINDLE-VIBRATION,2.09329676693,mm/s
2026-02-02T14:00:34Z,DEMO-WS-01,REF-04-COOLANT-PRESSURE,0.464002588025,MPa
2026-02-02T14:00:34Z,DEMO-WS-01,REF-05-COOLANT-FLOW,1.35412597429,L/min
2026-02-02T14:00:34Z,DEMO-WS-01,REF-06-FEED-AXIS-ERROR,10.7552395408,µm
2026-02-02T14:00:34.500Z,DEMO-WS-01,REF-03-SPINDLE-VIBRATION,2.09310657723,mm/s
2026-02-02T14:00:35Z,DEMO-WS-01,REF-01-SPINDLE-CURRENT,2.40469661303,A
2026-02-02T14:00:35Z,DEMO-WS-01,REF-02-SPINDLE-SPEED,33665.1152764,RPM
2026-02-02T14:00:35Z,DEMO-WS-01,REF-03-SPINDLE-VIBRATION,2.09291634231,mm/s
2026-02-02T14:00:35Z,DEMO-WS-01,REF-06-FEED-AXIS-ERROR,10.7532849408,µm
2026-02-02T14:00:35.500Z,DEMO-WS-01,REF-03-SPINDLE-VIBRATION,2.09272645516,mm/s
2026-02-02T14:00:36Z,DEMO-WS-01,REF-01-SPINDLE-CURRENT,2.40450689285,A
2026-02-02T14:00:36Z,DEMO-WS-01,REF-02-SPINDLE-SPEED,33660.3722719,RPM
2026-02-02T14:00:36Z,DEMO-WS-01,REF-03-SPINDLE-VIBRATION,2.09253730802,mm/s
2026-02-02T14:00:36Z,DEMO-WS-01,REF-04-COOLANT-PRESSURE,0.463639746085,MPa
2026-02-02T14:00:36Z,DEMO-WS-01,REF-05-COOLANT-FLOW,1.35363469037,L/min
2026-02-02T14:00:36Z,DEMO-WS-01,REF-06-FEED-AXIS-ERROR,10.7513374842,µm
2026-02-02T14:00:36.500Z,DEMO-WS-01,REF-03-SPINDLE-VIBRATION,2.09234929164,mm/s
2026-02-02T14:00:37Z,DEMO-WS-01,REF-01-SPINDLE-CURRENT,2.40431138272,A
2026-02-02T14:00:37Z,DEMO-WS-01,REF-02-SPINDLE-SPEED,33655.4845187,RPM
2026-02-02T14:00:37Z,DEMO-WS-01,REF-03-SPINDLE-VIBRATION,2.09216279442,mm/s
2026-02-02T14:00:37Z,DEMO-WS-01,REF-06-FEED-AXIS-ERROR,10.7494132546,µm
2026-02-02T14:00:37.500Z,DEMO-WS-01,REF-03-SPINDLE-VIBRATION,2.0919782016,mm/s
2026-02-02T14:00:38Z,DEMO-WS-01,REF-01-SPINDLE-CURRENT,2.40411123894,A
2026-02-02T14:00:38Z,DEMO-WS-01,REF-02-SPINDLE-SPEED,33650.4809243,RPM
2026-02-02T14:00:38Z,DEMO-WS-01,REF-03-SPINDLE-VIBRATION,2.09179589452,mm/s
2026-02-02T14:00:38Z,DEMO-WS-01,REF-04-COOLANT-PRESSURE,0.463285525585,MPa
2026-02-02T14:00:38Z,DEMO-WS-01,REF-05-COOLANT-FLOW,1.35315507979,L/min
2026-02-02T14:00:38Z,DEMO-WS-01,REF-06-FEED-AXIS-ERROR,10.7475281438,µm
2026-02-02T14:00:38.500Z,DEMO-WS-01,REF-03-SPINDLE-VIBRATION,2.09161624977,mm/s
2026-02-02T14:00:39Z,DEMO-WS-01,REF-01-SPINDLE-CURRENT,2.40390764521,A
2026-02-02T14:00:39Z,DEMO-WS-01,REF-02-SPINDLE-SPEED,33645.391081,RPM
2026-02-02T14:00:39Z,DEMO-WS-01,REF-03-SPINDLE-VIBRATION,2.09143963847,mm/s
2026-02-02T14:00:39Z,DEMO-WS-01,REF-06-FEED-AXIS-ERROR,10.7456977206,µm
2026-02-02T14:00:39.500Z,DEMO-WS-01,REF-03-SPINDLE-VIBRATION,2.09126642544,mm/s
2026-02-02T14:00:40Z,DEMO-WS-01,REF-01-SPINDLE-CURRENT,2.40370180563,A
2026-02-02T14:00:40Z,DEMO-WS-01,REF-02-SPINDLE-SPEED,33640.2450915,RPM
2026-02-02T14:00:40Z,DEMO-WS-01,REF-03-SPINDLE-VIBRATION,2.09109696851,mm/s
2026-02-02T14:00:40Z,DEMO-WS-01,REF-04-COOLANT-PRESSURE,0.462951604071,MPa
2026-02-02T14:00:40Z,DEMO-WS-01,REF-05-COOLANT-FLOW,1.3527029538,L/min
2026-02-02T14:00:40Z,DEMO-WS-01,REF-06-FEED-AXIS-ERROR,10.7439371018,µm
2026-02-02T14:00:40Z,DEMO-WS-01,REF-07-COOLANT-TEMPERATURE,104.173828026,°C
2026-02-02T14:00:40.500Z,DEMO-WS-01,REF-03-SPINDLE-VIBRATION,2.09093161773,mm/s
2026-02-02T14:00:41Z,DEMO-WS-01,REF-01-SPINDLE-CURRENT,2.40349493759,A
2026-02-02T14:00:41Z,DEMO-WS-01,REF-02-SPINDLE-SPEED,33635.0733904,RPM
2026-02-02T14:00:41Z,DEMO-WS-01,REF-03-SPINDLE-VIBRATION,2.09077071467,mm/s
2026-02-02T14:00:41Z,DEMO-WS-01,REF-06-FEED-AXIS-ERROR,10.7422608282,µm
2026-02-02T14:00:41.500Z,DEMO-WS-01,REF-03-SPINDLE-VIBRATION,2.09061459173,mm/s
2026-02-02T14:00:42Z,DEMO-WS-01,REF-01-SPINDLE-CURRENT,2.40328826455,A
2026-02-02T14:00:42Z,DEMO-WS-01,REF-02-SPINDLE-SPEED,33629.9065643,RPM
2026-02-02T14:00:42Z,DEMO-WS-01,REF-03-SPINDLE-VIBRATION,2.09046357141,mm/s
2026-02-02T14:00:42Z,DEMO-WS-01,REF-04-COOLANT-PRESSURE,0.462648989895,MPa
2026-02-02T14:00:42Z,DEMO-WS-01,REF-05-COOLANT-FLOW,1.3522932176,L/min
2026-02-02T14:00:42Z,DEMO-WS-01,REF-06-FEED-AXIS-ERROR,10.7406827436,µm
2026-02-02T14:00:42.500Z,DEMO-WS-01,REF-03-SPINDLE-VIBRATION,2.09031796569,mm/s
2026-02-02T14:00:43Z,DEMO-WS-01,REF-01-SPINDLE-CURRENT,2.40308300882,A
2026-02-02T14:00:43Z,DEMO-WS-01,REF-02-SPINDLE-SPEED,33624.7751712,RPM
2026-02-02T14:00:43Z,DEMO-WS-01,REF-03-SPINDLE-VIBRATION,2.09017807536,mm/s
2026-02-02T14:00:43Z,DEMO-WS-01,REF-06-FEED-AXIS-ERROR,10.7392158811,µm
2026-02-02T14:00:43.500Z,DEMO-WS-01,REF-03-SPINDLE-VIBRATION,2.09004418938,mm/s
2026-02-02T14:00:44Z,DEMO-WS-01,REF-01-SPINDLE-CURRENT,2.40288038435,A
2026-02-02T14:00:44Z,DEMO-WS-01,REF-02-SPINDLE-SPEED,33619.7095593,RPM
2026-02-02T14:00:44Z,DEMO-WS-01,REF-03-SPINDLE-VIBRATION,2.08991658435,mm/s
2026-02-02T14:00:44Z,DEMO-WS-01,REF-04-COOLANT-PRESSURE,0.462387659303,MPa
2026-02-02T14:00:44Z,DEMO-WS-01,REF-05-COOLANT-FLOW,1.35193937891,L/min
2026-02-02T14:00:44Z,DEMO-WS-01,REF-06-FEED-AXIS-ERROR,10.7378723552,µm
2026-02-02T14:00:44.500Z,DEMO-WS-01,REF-03-SPINDLE-VIBRATION,2.08979552386,mm/s
2026-02-02T14:00:45Z,DEMO-WS-01,REF-01-SPINDLE-CURRENT,2.40268158949,A
2026-02-02T14:00:45Z,DEMO-WS-01,REF-02-SPINDLE-SPEED,33614.739688,RPM
2026-02-02T14:00:45Z,DEMO-WS-01,REF-03-SPINDLE-VIBRATION,2.08968125799,mm/s
2026-02-02T14:00:45Z,DEMO-WS-01,REF-06-FEED-AXIS-ERROR,10.7366632618,µm
2026-02-02T14:00:45.500Z,DEMO-WS-01,REF-03-SPINDLE-VIBRATION,2.08957402279,mm/s
2026-02-02T14:00:46Z,DEMO-WS-01,REF-01-SPINDLE-CURRENT,2.40248779998,A
2026-02-02T14:00:46Z,DEMO-WS-01,REF-02-SPINDLE-SPEED,33609.8949501,RPM
2026-02-02T14:00:46Z,DEMO-WS-01,REF-03-SPINDLE-VIBRATION,2.08947403978,mm/s
2026-02-02T14:00:46Z,DEMO-WS-01,REF-04-COOLANT-PRESSURE,0.462176227549,MPa
2026-02-02T14:00:46Z,DEMO-WS-01,REF-05-COOLANT-FLOW,1.35165310269,L/min
2026-02-02T14:00:46Z,DEMO-WS-01,REF-06-FEED-AXIS-ERROR,10.7355985865,µm
2026-02-02T14:00:46.500Z,DEMO-WS-01,REF-03-SPINDLE-VIBRATION,2.08938151551,mm/s
2026-02-02T14:00:47Z,DEMO-WS-01,REF-01-SPINDLE-CURRENT,2.40230016192,A
2026-02-02T14:00:47Z,DEMO-WS-01,REF-02-SPINDLE-SPEED,33605.2039988,RPM
2026-02-02T14:00:47Z,DEMO-WS-01,REF-03-SPINDLE-VIBRATION,2.0892966411,mm/s
2026-02-02T14:00:47Z,DEMO-WS-01,REF-06-FEED-AXIS-ERROR,10.7346871221,µm
2026-02-02T14:00:47.500Z,DEMO-WS-01,REF-03-SPINDLE-VIBRATION,2.08921959188,mm/s
2026-02-02T14:00:48Z,DEMO-WS-01,REF-01-SPINDLE-CURRENT,2.40211978507,A
2026-02-02T14:00:48Z,DEMO-WS-01,REF-02-SPINDLE-SPEED,33600.6945773,RPM
2026-02-02T14:00:48Z,DEMO-WS-01,REF-03-SPINDLE-VIBRATION,2.08915052703,mm/s
2026-02-02T14:00:48Z,DEMO-WS-01,REF-04-COOLANT-PRESSURE,0.462021664879,MPa
2026-02-02T14:00:48Z,DEMO-WS-01,REF-05-COOLANT-FLOW,1.35144382657,L/min
2026-02-02T14:00:48Z,DEMO-WS-01,REF-06-FEED-AXIS-ERROR,10.7339363964,µm
2026-02-02T14:00:48.500Z,DEMO-WS-01,REF-03-SPINDLE-VIBRATION,2.0890895892,mm/s
2026-02-02T14:00:49Z,DEMO-WS-01,REF-01-SPINDLE-CURRENT,2.4019477362,A
2026-02-02T14:00:49Z,DEMO-WS-01,REF-02-SPINDLE-SPEED,33596.3933556,RPM
2026-02-02T14:00:49Z,DEMO-WS-01,REF-03-SPINDLE-VIBRATION,2.0890369043,mm/s
2026-02-02T14:00:49Z,DEMO-WS-01,REF-06-FEED-AXIS-ERROR,10.7333526092,µm
2026-02-02T14:00:49.500Z,DEMO-WS-01,REF-03-SPINDLE-VIBRATION,2.08899258114,mm/s
2026-02-02T14:00:50Z,DEMO-WS-01,REF-01-SPINDLE-CURRENT,2.40178503285,A
2026-02-02T14:00:50Z,DEMO-WS-01,REF-02-SPINDLE-SPEED,33592.325772,RPM
2026-02-02T14:00:50Z,DEMO-WS-01,REF-03-SPINDLE-VIBRATION,2.08895671129,mm/s
2026-02-02T14:00:50Z,DEMO-WS-01,REF-04-COOLANT-PRESSURE,0.461929066744,MPa
2026-02-02T14:00:50Z,DEMO-WS-01,REF-05-COOLANT-FLOW,1.35131844973,L/min
2026-02-02T14:00:50Z,DEMO-WS-01,REF-06-FEED-AXIS-ERROR,10.7329405821,µm
2026-02-02T14:00:50Z,DEMO-WS-01,REF-07-COOLANT-TEMPERATURE,104.067205142,°C
2026-02-02T14:00:50.500Z,DEMO-WS-01,REF-03-SPINDLE-VIBRATION,2.08892936885,mm/s
2026-02-02T14:00:51Z,DEMO-WS-01,REF-01-SPINDLE-CURRENT,2.40163263731,A
2026-02-02T14:00:51Z,DEMO-WS-01,REF-02-SPINDLE-SPEED,33588.5158833,RPM
2026-02-02T14:00:51Z,DEMO-WS-01,REF-03-SPINDLE-VIBRATION,2.0889106103,mm/s
2026-02-02T14:00:51Z,DEMO-WS-01,REF-06-FEED-AXIS-ERROR,10.7327037179,µm
2026-02-02T14:00:51.500Z,DEMO-WS-01,REF-03-SPINDLE-VIBRATION,2.08890047439,mm/s
2026-02-02T14:00:52Z,DEMO-WS-01,REF-01-SPINDLE-CURRENT,2.40149145086,A
2026-02-02T14:00:52Z,DEMO-WS-01,REF-02-SPINDLE-SPEED,33584.9862221,RPM
2026-02-02T14:00:52Z,DEMO-WS-01,REF-03-SPINDLE-VIBRATION,2.08889898207,mm/s
2026-02-02T14:00:52Z,DEMO-WS-01,REF-04-COOLANT-PRESSURE,0.461901485815,MPa
2026-02-02T14:00:52Z,DEMO-WS-01,REF-05-COOLANT-FLOW,1.35128110546,L/min
2026-02-02T14:00:52Z,DEMO-WS-01,REF-06-FEED-AXIS-ERROR,10.7326439727,µm
2026-02-02T14:00:52.500Z,DEMO-WS-01,REF-03-SPINDLE-VIBRATION,2.08890613641,mm/s
2026-02-02T14:00:53Z,DEMO-WS-01,REF-01-SPINDLE-CURRENT,2.40136230852,A
2026-02-02T14:00:53Z,DEMO-WS-01,REF-02-SPINDLE-SPEED,33581.7576636,RPM
2026-02-02T14:00:53Z,DEMO-WS-01,REF-03-SPINDLE-VIBRATION,2.08892192263,mm/s
2026-02-02T14:00:53Z,DEMO-WS-01,REF-06-FEED-AXIS-ERROR,10.73276184,µm
2026-02-02T14:00:53.500Z,DEMO-WS-01,REF-03-SPINDLE-VIBRATION,2.08894630812,mm/s
2026-02-02T14:00:54Z,DEMO-WS-01,REF-01-SPINDLE-CURRENT,2.40124597407,A
2026-02-02T14:00:54Z,DEMO-WS-01,REF-02-SPINDLE-SPEED,33578.8493024,RPM
2026-02-02T14:00:54Z,DEMO-WS-01,REF-03-SPINDLE-VIBRATION,2.08897924252,mm/s
2026-02-02T14:00:54Z,DEMO-WS-01,REF-04-COOLANT-PRESSURE,0.461939831349,MPa
2026-02-02T14:00:54Z,DEMO-WS-01,REF-05-COOLANT-FLOW,1.35133302489,L/min
2026-02-02T14:00:54Z,DEMO-WS-01,REF-06-FEED-AXIS-ERROR,10.7330563463,µm
2026-02-02T14:00:54.500Z,DEMO-WS-01,REF-03-SPINDLE-VIBRATION,2.08902065778,mm/s
2026-02-02T14:00:55Z,DEMO-WS-01,REF-01-SPINDLE-CURRENT,2.40114313554,A
2026-02-02T14:00:55Z,DEMO-WS-01,REF-02-SPINDLE-SPEED,33576.2783391,RPM
2026-02-02T14:00:55Z,DEMO-WS-01,REF-03-SPINDLE-VIBRATION,2.08907046835,mm/s
2026-02-02T14:00:55Z,DEMO-WS-01,REF-06-FEED-AXIS-ERROR,10.7335250594,µm
2026-02-02T14:00:55.500Z,DEMO-WS-01,REF-03-SPINDLE-VIBRATION,2.08912857133,mm/s
2026-02-02T14:00:56Z,DEMO-WS-01,REF-01-SPINDLE-CURRENT,2.40105440114,A
2026-02-02T14:00:56Z,DEMO-WS-01,REF-02-SPINDLE-SPEED,33574.0599791,RPM
2026-02-02T14:00:56Z,DEMO-WS-01,REF-03-SPINDLE-VIBRATION,2.0891948467,mm/s
2026-02-02T14:00:56Z,DEMO-WS-01,REF-04-COOLANT-PRESSURE,0.462042839214,MPa
2026-02-02T14:00:56Z,DEMO-WS-01,REF-05-COOLANT-FLOW,1.35147249638,L/min
2026-02-02T14:00:56Z,DEMO-WS-01,REF-06-FEED-AXIS-ERROR,10.7341641083,µm
2026-02-02T14:00:56.500Z,DEMO-WS-01,REF-03-SPINDLE-VIBRATION,2.08926915755,mm/s
2026-02-02T14:00:57Z,DEMO-WS-01,REF-01-SPINDLE-CURRENT,2.40098029566,A
2026-02-02T14:00:57Z,DEMO-WS-01,REF-02-SPINDLE-SPEED,33572.2073422,RPM
2026-02-02T14:00:57Z,DEMO-WS-01,REF-03-SPINDLE-VIBRATION,2.08935135037,mm/s
2026-02-02T14:00:57Z,DEMO-WS-01,REF-06-FEED-AXIS-ERROR,10.7349682153,µm
2026-02-02T14:00:57.500Z,DEMO-WS-01,REF-03-SPINDLE-VIBRATION,2.08944125537,mm/s
2026-02-02T14:00:58Z,DEMO-WS-01,REF-01-SPINDLE-CURRENT,2.4009212574,A
2026-02-02T14:00:58Z,DEMO-WS-01,REF-02-SPINDLE-SPEED,33570.7313856,RPM
2026-02-02T14:00:58Z,DEMO-WS-01,REF-03-SPINDLE-VIBRATION,2.08953868682,mm/s
2026-02-02T14:00:58Z,DEMO-WS-01,REF-04-COOLANT-PRESSURE,0.46220711356,MPa
2026-02-02T14:00:58Z,DEMO-WS-01,REF-05-COOLANT-FLOW,1.351694922,L/min
2026-02-02T14:00:58Z,DEMO-WS-01,REF-06-FEED-AXIS-ERROR,10.7359307393,µm
2026-02-02T14:00:58.500Z,DEMO-WS-01,REF-03-SPINDLE-VIBRATION,2.08964344346,mm/s
2026-02-02T14:00:59Z,DEMO-WS-01,REF-01-SPINDLE-CURRENT,2.4008776355,A
2026-02-02T14:00:59Z,DEMO-WS-01,REF-02-SPINDLE-SPEED,33569.6408382,RPM
2026-02-02T14:00:59Z,DEMO-WS-01,REF-03-SPINDLE-VIBRATION,2.08975530889,mm/s
2026-02-02T14:00:59Z,DEMO-WS-01,REF-06-FEED-AXIS-ERROR,10.7370437311,µm
2026-02-02T14:00:59.500Z,DEMO-WS-01,REF-03-SPINDLE-VIBRATION,2.08987405201,mm/s
2026-02-02T14:01:00Z,DEMO-WS-01,REF-01-SPINDLE-CURRENT,2.40084968797,A
2026-02-02T14:01:00Z,DEMO-WS-01,REF-02-SPINDLE-SPEED,33568.9421499,RPM
2026-02-02T14:01:00Z,DEMO-WS-01,REF-03-SPINDLE-VIBRATION,2.08999942754,mm/s
2026-02-02T14:01:00Z,DEMO-WS-01,REF-04-COOLANT-PRESSURE,0.462427238776,MPa
2026-02-02T14:01:00Z,DEMO-WS-01,REF-05-COOLANT-FLOW,1.35199296908,L/min
2026-02-02T14:01:00Z,DEMO-WS-01,REF-06-FEED-AXIS-ERROR,10.7382979988,µm
2026-02-02T14:01:00Z,DEMO-WS-01,REF-07-COOLANT-TEMPERATURE,104.119150961,°C
2026-02-02T14:01:00.500Z,DEMO-WS-01,REF-03-SPINDLE-VIBRATION,2.09013117648,mm/s
2026-02-02T14:01:01Z,DEMO-WS-01,REF-01-SPINDLE-CURRENT,2.40083758009,A
2026-02-02T14:01:01Z,DEMO-WS-01,REF-02-SPINDLE-SPEED,33568.6394528,RPM
2026-02-02T14:01:01Z,DEMO-WS-01,REF-03-SPINDLE-VIBRATION,2.09026902665,mm/s
2026-02-02T14:01:01Z,DEMO-WS-01,REF-06-FEED-AXIS-ERROR,10.7396831837,µm
2026-02-02T14:01:01.500Z,DEMO-WS-01,REF-03-SPINDLE-VIBRATION,2.09041269331,mm/s
2026-02-02T14:01:02Z,DEMO-WS-01,REF-01-SPINDLE-CURRENT,2.40084138347,A
2026-02-02T14:01:02Z,DEMO-WS-01,REF-02-SPINDLE-SPEED,33568.7345373,RPM
2026-02-02T14:01:02Z,DEMO-WS-01,REF-03-SPINDLE-VIBRATION,2.09056187967,mm/s
2026-02-02T14:01:02Z,DEMO-WS-01,REF-04-COOLANT-PRESSURE,0.462695958019,MPa
2026-02-02T14:01:02Z,DEMO-WS-01,REF-05-COOLANT-FLOW,1.35235681192,L/min
2026-02-02T14:01:02Z,DEMO-WS-01,REF-06-FEED-AXIS-ERROR,10.7411878459,µm
2026-02-02T14:01:02.500Z,DEMO-WS-01,REF-03-SPINDLE-VIBRATION,2.09071627755,mm/s
2026-02-02T14:01:03Z,DEMO-WS-01,REF-01-SPINDLE-CURRENT,2.40086107561,A
2026-02-02T14:01:03Z,DEMO-WS-01,REF-02-SPINDLE-SPEED,33569.2268409,RPM
2026-02-02T14:01:03Z,DEMO-WS-01,REF-03-SPINDLE-VIBRATION,2.09087556799,mm/s
2026-02-02T14:01:03Z,DEMO-WS-01,REF-06-FEED-AXIS-ERROR,10.7427995586,µm
2026-02-02T14:01:03.500Z,DEMO-WS-01,REF-03-SPINDLE-VIBRATION,2.09103942194,mm/s
2026-02-02T14:01:04Z,DEMO-WS-01,REF-01-SPINDLE-CURRENT,2.40089654006,A
2026-02-02T14:01:04Z,DEMO-WS-01,REF-02-SPINDLE-SPEED,33570.1134521,RPM
2026-02-02T14:01:04Z,DEMO-WS-01,REF-03-SPINDLE-VIBRATION,2.09120750093,mm/s
2026-02-02T14:01:04Z,DEMO-WS-01,REF-04-COOLANT-PRESSURE,0.463004412453,MPa
2026-02-02T14:01:04Z,DEMO-WS-01,REF-05-COOLANT-FLOW,1.35277445576,L/min
2026-02-02T14:01:04Z,DEMO-WS-01,REF-06-FEED-AXIS-ERROR,10.7445050111,µm
2026-02-02T14:01:04.500Z,DEMO-WS-01,REF-03-SPINDLE-VIBRATION,2.09137945772,mm/s
2026-02-02T14:01:05Z,DEMO-WS-01,REF-01-SPINDLE-CURRENT,2.40094756706,A
2026-02-02T14:01:05Z,DEMO-WS-01,REF-02-SPINDLE-SPEED,33571.3891271,RPM
2026-02-02T14:01:05Z,DEMO-WS-01,REF-03-SPINDLE-VIBRATION,2.09155493712,mm/s
2026-02-02T14:01:05Z,DEMO-WS-01,REF-06-FEED-AXIS-ERROR,10.7462901184,µm
2026-02-02T14:01:05.500Z,DEMO-WS-01,REF-03-SPINDLE-VIBRATION,2.09173357661,mm/s
2026-02-02T14:01:06Z,DEMO-WS-01,REF-01-SPINDLE-CURRENT,2.40101385483,A
2026-02-02T14:01:06Z,DEMO-WS-01,REF-02-SPINDLE-SPEED,33573.0463214,RPM
2026-02-02T14:01:06Z,DEMO-WS-01,REF-03-SPINDLE-VIBRATION,2.09191500718,mm/s
2026-02-02T14:01:06Z,DEMO-WS-01,REF-04-COOLANT-PRESSURE,0.463342433297,MPa
2026-02-02T14:01:06Z,DEMO-WS-01,REF-05-COOLANT-FLOW,1.35323213219,L/min
2026-02-02T14:01:06Z,DEMO-WS-01,REF-06-FEED-AXIS-ERROR,10.7481401379,µm
2026-02-02T14:01:06.500Z,DEMO-WS-01,REF-03-SPINDLE-VIBRATION,2.09209885402,mm/s
2026-02-02T14:01:07Z,DEMO-WS-01,REF-01-SPINDLE-CURRENT,2.40109501133,A
2026-02-02T14:01:07Z,DEMO-WS-01,REF-02-SPINDLE-SPEED,33575.075234,RPM
2026-02-02T14:01:07Z,DEMO-WS-01,REF-03-SPINDLE-VIBRATION,2.09228473736,mm/s
2026-02-02T14:01:07Z,DEMO-WS-01,REF-06-FEED-AXIS-ERROR,10.7500397905,µm
2026-02-02T14:01:07.500Z,DEMO-WS-01,REF-03-SPINDLE-VIBRATION,2.09247227321,mm/s
2026-02-02T14:01:08Z,DEMO-WS-01,REF-01-SPINDLE-CURRENT,2.40119055658,A
2026-02-02T14:01:08Z,DEMO-WS-01,REF-02-SPINDLE-SPEED,33577.4638653,RPM
2026-02-02T14:01:08Z,DEMO-WS-01,REF-03-SPINDLE-VIBRATION,2.09266107415,mm/s
2026-02-02T14:01:08Z,DEMO-WS-01,REF-04-COOLANT-PRESSURE,0.463698877056,MPa
2026-02-02T14:01:08Z,DEMO-WS-01,REF-05-COOLANT-FLOW,1.35371475304,L/min
2026-02-02T14:01:08Z,DEMO-WS-01,REF-06-FEED-AXIS-ERROR,10.7519733875,µm
2026-02-02T14:01:08.500Z,DEMO-WS-01,REF-03-SPINDLE-VIBRATION,2.09285075018,mm/s
2026-02-02T14:01:09Z,DEMO-WS-01,REF-01-SPINDLE-CURRENT,2.40129992551,A
2026-02-02T14:01:09Z,DEMO-WS-01,REF-02-SPINDLE-SPEED,33580.1980883,RPM
2026-02-02T14:01:09Z,DEMO-WS-01,REF-03-SPINDLE-VIBRATION,2.09304090947,mm/s
2026-02-02T14:01:09Z,DEMO-WS-01,REF-06-FEED-AXIS-ERROR,10.7539249597,µm
2026-02-02T14:01:09.500Z,DEMO-WS-01,REF-03-SPINDLE-VIBRATION,2.0932311592,mm/s
2026-02-02T14:01:10Z,DEMO-WS-01,REF-01-SPINDLE-CURRENT,2.40142247126,A
2026-02-02T14:01:10Z,DEMO-WS-01,REF-02-SPINDLE-SPEED,33583.2617323,RPM
2026-02-02T14:01:10Z,DEMO-WS-01,REF-03-SPINDLE-VIBRATION,2.09342110635,mm/s
2026-02-02T14:01:10Z,DEMO-WS-01,REF-04-COOLANT-PRESSURE,0.464061992892,MPa
2026-02-02T14:01:10Z,DEMO-WS-01,REF-05-COOLANT-FLOW,1.35420640781,L/min
2026-02-02T14:01:10Z,DEMO-WS-01,REF-06-FEED-AXIS-ERROR,10.7558783896,µm
2026-02-02T14:01:10Z,DEMO-WS-01,REF-07-COOLANT-TEMPERATURE,104.289611435,°C
2026-02-02T14:01:10.500Z,DEMO-WS-01,REF-03-SPINDLE-VIBRATION,2.09361035854,mm/s
2026-02-02T14:01:11Z,DEMO-WS-01,REF-01-SPINDLE-CURRENT,2.4015574691,A
2026-02-02T14:01:11Z,DEMO-WS-01,REF-02-SPINDLE-SPEED,33586.6366781,RPM
2026-02-02T14:01:11Z,DEMO-WS-01,REF-03-SPINDLE-VIBRATION,2.09379852482,mm/s
2026-02-02T14:01:11Z,DEMO-WS-01,REF-06-FEED-AXIS-ERROR,10.7578175442,µm
2026-02-02T14:01:11.500Z,DEMO-WS-01,REF-03-SPINDLE-VIBRATION,2.09398521649,mm/s
2026-02-02T14:01:12Z,DEMO-WS-01,REF-01-SPINDLE-CURRENT,2.40170412059,A
2026-02-02T14:01:12Z,DEMO-WS-01,REF-02-SPINDLE-SPEED,33590.3029654,RPM
2026-02-02T14:01:12Z,DEMO-WS-01,REF-03-SPINDLE-VIBRATION,2.09417004787,mm/s
2026-02-02T14:01:12Z,DEMO-WS-01,REF-04-COOLANT-PRESSURE,0.464419810008,MPa
2026-02-02T14:01:12Z,DEMO-WS-01,REF-05-COOLANT-FLOW,1.35469088817,L/min
2026-02-02T14:01:12Z,DEMO-WS-01,REF-06-FEED-AXIS-ERROR,10.7597264085,µm
2026-02-02T14:01:12.500Z,DEMO-WS-01,REF-03-SPINDLE-VIBRATION,2.09435263717,mm/s
2026-02-02T14:01:13Z,DEMO-WS-01,REF-01-SPINDLE-CURRENT,2.40186155841,A
2026-02-02T14:01:13Z,DEMO-WS-01,REF-02-SPINDLE-SPEED,33594.2389109,RPM
2026-02-02T14:01:13Z,DEMO-WS-01,REF-03-SPINDLE-VIBRATION,2.09453260719,mm/s
2026-02-02T14:01:13Z,DEMO-WS-01,REF-06-FEED-AXIS-ERROR,10.7615892176,µm
2026-02-02T14:01:13.500Z,DEMO-WS-01,REF-03-SPINDLE-VIBRATION,2.09470958615,mm/s
2026-02-02T14:01:14Z,DEMO-WS-01,REF-01-SPINDLE-CURRENT,2.40202885144,A
2026-02-02T14:01:14Z,DEMO-WS-01,REF-02-SPINDLE-SPEED,33598.4212366,RPM
2026-02-02T14:01:14Z,DEMO-WS-01,REF-03-SPINDLE-VIBRATION,2.09488320846,mm/s
2026-02-02T14:01:14Z,DEMO-WS-01,REF-04-COOLANT-PRESSURE,0.464760532287,MPa
2026-02-02T14:01:14Z,DEMO-WS-01,REF-05-COOLANT-FLOW,1.35515222232,L/min
2026-02-02T14:01:14Z,DEMO-WS-01,REF-06-FEED-AXIS-ERROR,10.763390587,µm
2026-02-02T14:01:14.500Z,DEMO-WS-01,REF-03-SPINDLE-VIBRATION,2.09505311546,mm/s
2026-02-02T14:01:15Z,DEMO-WS-01,REF-01-SPINDLE-CURRENT,2.40220501025,A
2026-02-02T14:01:15Z,DEMO-WS-01,REF-02-SPINDLE-SPEED,33602.825207,RPM
2026-02-02T14:01:15Z,DEMO-WS-01,REF-06-FEED-AXIS-ERROR,10.7651156395,µm
2026-02-02T14:01:16Z,DEMO-WS-01,REF-01-SPINDLE-CURRENT,2.40238899302,A
2026-02-02T14:01:16Z,DEMO-WS-01,REF-02-SPINDLE-SPEED,33607.4247761,RPM
2026-02-02T14:01:16Z,DEMO-WS-01,REF-04-COOLANT-PRESSURE,0.465072927178,MPa
2026-02-02T14:01:16Z,DEMO-WS-01,REF-05-COOLANT-FLOW,1.3555752015,L/min
2026-02-02T14:01:16Z,DEMO-WS-01,REF-06-FEED-AXIS-ERROR,10.7667501285,µm
2026-02-02T14:01:17Z,DEMO-WS-01,REF-01-SPINDLE-CURRENT,2.40257971161,A
2026-02-02T14:01:17Z,DEMO-WS-01,REF-02-SPINDLE-SPEED,33612.1927409,RPM
2026-02-02T14:01:17Z,DEMO-WS-01,REF-06-FEED-AXIS-ERROR,10.7682805549,µm
2026-02-02T14:01:18Z,DEMO-WS-01,REF-01-SPINDLE-CURRENT,2.40277603807,A
2026-02-02T14:01:18Z,DEMO-WS-01,REF-02-SPINDLE-SPEED,33617.1009025,RPM
2026-02-02T14:01:18Z,DEMO-WS-01,REF-04-COOLANT-PRESSURE,0.465346695997,MPa
2026-02-02T14:01:18Z,DEMO-WS-01,REF-05-COOLANT-FLOW,1.35594588141,L/min
2026-02-02T14:01:18Z,DEMO-WS-01,REF-06-FEED-AXIS-ERROR,10.7696942794,µm
2026-02-02T14:01:19Z,DEMO-WS-01,REF-01-SPINDLE-CURRENT,2.40297681129,A
2026-02-02T14:01:19Z,DEMO-WS-01,REF-02-SPINDLE-SPEED,33622.1202328,RPM
2026-02-02T14:01:19Z,DEMO-WS-01,REF-06-FEED-AXIS-ERROR,10.7709796263,µm
2026-02-02T14:01:20Z,DEMO-WS-01,REF-01-SPINDLE-CURRENT,2.40318084383,A
2026-02-02T14:01:20Z,DEMO-WS-01,REF-02-SPINDLE-SPEED,33627.2210463,RPM
2026-02-02T14:01:20Z,DEMO-WS-01,REF-04-COOLANT-PRESSURE,0.465572813437,MPa
2026-02-02T14:01:20Z,DEMO-WS-01,REF-05-COOLANT-FLOW,1.35625204188,L/min
2026-02-02T14:01:20Z,DEMO-WS-01,REF-06-FEED-AXIS-ERROR,10.7721259802,µm
2026-02-02T14:01:20Z,DEMO-WS-01,REF-07-COOLANT-TEMPERATURE,104.447149001,°C
2026-02-02T14:01:21Z,DEMO-WS-01,REF-02-SPINDLE-SPEED,33632.3731756,RPM
2026-02-02T14:01:21Z,DEMO-WS-01,REF-06-FEED-AXIS-ERROR,10.7731238737,µm
2026-02-02T14:01:22Z,DEMO-WS-01,REF-02-SPINDLE-SPEED,33637.5461496,RPM
2026-02-02T14:01:22Z,DEMO-WS-01,REF-04-COOLANT-PRESSURE,0.465743825112,MPa
2026-02-02T14:01:22Z,DEMO-WS-01,REF-05-COOLANT-FLOW,1.35648358977,L/min
2026-02-02T14:01:22Z,DEMO-WS-01,REF-06-FEED-AXIS-ERROR,10.7739650654,µm
2026-02-02T14:01:22.500Z,DEMO-WS-01,REF-03-SPINDLE-VIBRATION,2.09701131456,mm/s
2026-02-02T14:01:23Z,DEMO-WS-01,REF-02-SPINDLE-SPEED,33642.7093742,RPM
2026-02-02T14:01:23Z,DEMO-WS-01,REF-03-SPINDLE-VIBRATION,2.09707319403,mm/s
2026-02-02T14:01:23Z,DEMO-WS-01,REF-06-FEED-AXIS-ERROR,10.7746426081,µm
2026-02-02T14:01:23.500Z,DEMO-WS-01,REF-03-SPINDLE-VIBRATION,2.0971268342,mm/s
2026-02-02T14:01:24Z,DEMO-WS-01,REF-02-SPINDLE-SPEED,33647.8323129,RPM
2026-02-02T14:01:24Z,DEMO-WS-01,REF-03-SPINDLE-VIBRATION,2.09717212427,mm/s
2026-02-02T14:01:24Z,DEMO-WS-01,REF-04-COOLANT-PRESSURE,0.465854093301,MPa
2026-02-02T14:01:24Z,DEMO-WS-01,REF-05-COOLANT-FLOW,1.35663289166,L/min
2026-02-02T14:01:24Z,DEMO-WS-01,REF-06-FEED-AXIS-ERROR,10.775150906,µm
2026-02-02T14:01:24.500Z,DEMO-WS-01,REF-03-SPINDLE-VIBRATION,2.09720897068,mm/s
2026-02-02T14:01:25Z,DEMO-WS-01,REF-02-SPINDLE-SPEED,33652.8846672,RPM
2026-02-02T14:01:25Z,DEMO-WS-01,REF-03-SPINDLE-VIBRATION,2.09723729731,mm/s
2026-02-02T14:01:25Z,DEMO-WS-01,REF-06-FEED-AXIS-ERROR,10.7754857614,µm
2026-02-02T14:01:25.500Z,DEMO-WS-01,REF-03-SPINDLE-VIBRATION,2.09725704564,mm/s
2026-02-02T14:01:26Z,DEMO-WS-01,REF-02-SPINDLE-SPEED,33657.8365565,RPM
2026-02-02T14:01:26Z,DEMO-WS-01,REF-03-SPINDLE-VIBRATION,2.09726817489,mm/s
2026-02-02T14:01:26Z,DEMO-WS-01,REF-04-COOLANT-PRESSURE,0.465899982803,MPa
2026-02-02T14:01:26Z,DEMO-WS-01,REF-05-COOLANT-FLOW,1.35669502554,L/min
2026-02-02T14:01:26Z,DEMO-WS-01,REF-06-FEED-AXIS-ERROR,10.7756444086,µm
2026-02-02T14:01:26.500Z,DEMO-WS-01,REF-03-SPINDLE-VIBRATION,2.09727066205,mm/s
2026-02-02T14:01:27Z,DEMO-WS-01,REF-02-SPINDLE-SPEED,33662.6586939,RPM
2026-02-02T14:01:27Z,DEMO-WS-01,REF-03-SPINDLE-VIBRATION,2.097264502,mm/s
2026-02-02T14:01:27Z,DEMO-WS-01,REF-06-FEED-AXIS-ERROR,10.7756255375,µm
2026-02-02T14:01:27.500Z,DEMO-WS-01,REF-03-SPINDLE-VIBRATION,2.09724970745,mm/s
2026-02-02T14:01:28Z,DEMO-WS-01,REF-02-SPINDLE-SPEED,33667.3225602,RPM
2026-02-02T14:01:28Z,DEMO-WS-01,REF-03-SPINDLE-VIBRATION,2.09722630897,mm/s
2026-02-02T14:01:28Z,DEMO-WS-01,REF-04-COOLANT-PRESSURE,0.465879980786,MPa
2026-02-02T14:01:28Z,DEMO-WS-01,REF-05-COOLANT-FLOW,1.35666794303,L/min
2026-02-02T14:01:28Z,DEMO-WS-01,REF-06-FEED-AXIS-ERROR,10.7754293039,µm
2026-02-02T14:01:28.500Z,DEMO-WS-01,REF-03-SPINDLE-VIBRATION,2.0971943549,mm/s
2026-02-02T14:01:29Z,DEMO-WS-01,REF-01-SPINDLE-CURRENT,2.40496402486,A
2026-02-02T14:01:29Z,DEMO-WS-01,REF-02-SPINDLE-SPEED,33671.8005722,RPM
2026-02-02T14:01:29Z,DEMO-WS-01,REF-03-SPINDLE-VIBRATION,2.09715391124,mm/s
2026-02-02T14:01:29Z,DEMO-WS-01,REF-06-FEED-AXIS-ERROR,10.7750573285,µm
2026-02-02T14:01:29.500Z,DEMO-WS-01,REF-03-SPINDLE-VIBRATION,2.09710506154,mm/s
2026-02-02T14:01:30Z,DEMO-WS-01,REF-01-SPINDLE-CURRENT,2.4051346518,A
2026-02-02T14:01:30Z,DEMO-WS-01,REF-02-SPINDLE-SPEED,33676.0662458,RPM
2026-02-02T14:01:30Z,DEMO-WS-01,REF-03-SPINDLE-VIBRATION,2.09704790672,mm/s
2026-02-02T14:01:30Z,DEMO-WS-01,REF-04-COOLANT-PRESSURE,0.465794746654,MPa
2026-02-02T14:01:30Z,DEMO-WS-01,REF-05-COOLANT-FLOW,1.35655253697,L/min
2026-02-02T14:01:30Z,DEMO-WS-01,REF-06-FEED-AXIS-ERROR,10.7745126833,µm
2026-02-02T14:01:30Z,DEMO-WS-01,REF-07-COOLANT-TEMPERATURE,104.470290611,°C
2026-02-02T14:01:30.500Z,DEMO-WS-01,REF-03-SPINDLE-VIBRATION,2.09698256483,mm/s
2026-02-02T14:01:31Z,DEMO-WS-01,REF-01-SPINDLE-CURRENT,2.40529577608,A
2026-02-02T14:01:31Z,DEMO-WS-01,REF-02-SPINDLE-SPEED,33680.0943527,RPM
2026-02-02T14:01:31Z,DEMO-WS-01,REF-03-SPINDLE-VIBRATION,2.09690917087,mm/s
2026-02-02T14:01:31Z,DEMO-WS-01,REF-06-FEED-AXIS-ERROR,10.7737998664,µm
2026-02-02T14:01:31.500Z,DEMO-WS-01,REF-03-SPINDLE-VIBRATION,2.09682787644,mm/s
2026-02-02T14:01:32Z,DEMO-WS-01,REF-01-SPINDLE-CURRENT,2.40544644477,A
2026-02-02T14:01:32Z,DEMO-WS-01,REF-02-SPINDLE-SPEED,33683.8610699,RPM
2026-02-02T14:01:32Z,DEMO-WS-01,REF-03-SPINDLE-VIBRATION,2.09673884948,mm/s
2026-02-02T14:01:32Z,DEMO-WS-01,REF-04-COOLANT-PRESSURE,0.465647090311,MPa
2026-02-02T14:01:32Z,DEMO-WS-01,REF-05-COOLANT-FLOW,1.35635261194,L/min
2026-02-02T14:01:32Z,DEMO-WS-01,REF-06-FEED-AXIS-ERROR,10.7729247649,µm
2026-02-02T14:01:32.500Z,DEMO-WS-01,REF-03-SPINDLE-VIBRATION,2.09664227391,mm/s
2026-02-02T14:01:33Z,DEMO-WS-01,REF-01-SPINDLE-CURRENT,2.40558576677,A
2026-02-02T14:01:33Z,DEMO-WS-01,REF-02-SPINDLE-SPEED,33687.3441199,RPM
2026-02-02T14:01:33Z,DEMO-WS-01,REF-03-SPINDLE-VIBRATION,2.09653834921,mm/s
2026-02-02T14:01:33Z,DEMO-WS-01,REF-06-FEED-AXIS-ERROR,10.7718946059,µm
2026-02-02T14:01:33.500Z,DEMO-WS-01,REF-03-SPINDLE-VIBRATION,2.09642729008,mm/s
2026-02-02T14:01:34Z,DEMO-WS-01,REF-01-SPINDLE-CURRENT,2.40571291811,A
2026-02-02T14:01:34Z,DEMO-WS-01,REF-02-SPINDLE-SPEED,33690.5229033,RPM
2026-02-02T14:01:34Z,DEMO-WS-01,REF-03-SPINDLE-VIBRATION,2.09630932593,mm/s
2026-02-02T14:01:34Z,DEMO-WS-01,REF-04-COOLANT-PRESSURE,0.465441879525,MPa
2026-02-02T14:01:34Z,DEMO-WS-01,REF-05-COOLANT-FLOW,1.35607475884,L/min
2026-02-02T14:01:34Z,DEMO-WS-01,REF-06-FEED-AXIS-ERROR,10.7707178973,µm
2026-02-02T14:01:34.500Z,DEMO-WS-01,REF-03-SPINDLE-VIBRATION,2.09618470046,mm/s
2026-02-02T14:01:35Z,DEMO-WS-01,REF-01-SPINDLE-CURRENT,2.40582714677,A
2026-02-02T14:01:35Z,DEMO-WS-01,REF-02-SPINDLE-SPEED,33693.3786199,RPM
2026-02-02T14:01:35Z,DEMO-WS-01,REF-03-SPINDLE-VIBRATION,2.0960536711,mm/s
2026-02-02T14:01:35Z,DEMO-WS-01,REF-06-FEED-AXIS-ERROR,10.7694043573,µm
2026-02-02T14:01:35.500Z,DEMO-WS-01,REF-03-SPINDLE-VIBRATION,2.09591650853,mm/s
2026-02-02T14:01:36Z,DEMO-WS-01,REF-01-SPINDLE-CURRENT,2.40592777718,A
2026-02-02T14:01:36Z,DEMO-WS-01,REF-02-SPINDLE-SPEED,33695.8943802,RPM
2026-02-02T14:01:36Z,DEMO-WS-01,REF-03-SPINDLE-VIBRATION,2.09577349611,mm/s
2026-02-02T14:01:36Z,DEMO-WS-01,REF-04-COOLANT-PRESSURE,0.465185879457,MPa
2026-02-02T14:01:36Z,DEMO-WS-01,REF-05-COOLANT-FLOW,1.35572813761,L/min
2026-02-02T14:01:36Z,DEMO-WS-01,REF-06-FEED-AXIS-ERROR,10.7679648342,µm
2026-02-02T14:01:36.500Z,DEMO-WS-01,REF-03-SPINDLE-VIBRATION,2.09562492925,mm/s
2026-02-02T14:01:37Z,DEMO-WS-01,REF-01-SPINDLE-CURRENT,2.4060142142,A
2026-02-02T14:01:37Z,DEMO-WS-01,REF-02-SPINDLE-SPEED,33698.0553056,RPM
2026-02-02T14:01:37Z,DEMO-WS-01,REF-03-SPINDLE-VIBRATION,2.09547111486,mm/s
2026-02-02T14:01:37Z,DEMO-WS-01,REF-06-FEED-AXIS-ERROR,10.7664112166,µm
2026-02-02T14:01:37.500Z,DEMO-WS-01,REF-03-SPINDLE-VIBRATION,2.09531237069,mm/s
2026-02-02T14:01:38Z,DEMO-WS-01,REF-01-SPINDLE-CURRENT,2.4060859466,A
2026-02-02T14:01:38Z,DEMO-WS-01,REF-02-SPINDLE-SPEED,33699.8486157,RPM
2026-02-02T14:01:38Z,DEMO-WS-01,REF-03-SPINDLE-VIBRATION,2.09514902466,mm/s
2026-02-02T14:01:38Z,DEMO-WS-01,REF-04-COOLANT-PRESSURE,0.464887529631,MPa
2026-02-02T14:01:38Z,DEMO-WS-01,REF-05-COOLANT-FLOW,1.3553241753,L/min
2026-02-02T14:01:38Z,DEMO-WS-01,REF-06-FEED-AXIS-ERROR,10.7647563355,µm
2026-02-02T14:01:38.500Z,DEMO-WS-01,REF-03-SPINDLE-VIBRATION,2.0949814142,mm/s
2026-02-02T14:01:39Z,DEMO-WS-01,REF-01-SPINDLE-CURRENT,2.40614255015,A
2026-02-02T14:01:39Z,DEMO-WS-01,REF-02-SPINDLE-SPEED,33701.2637045,RPM
2026-02-02T14:01:39Z,DEMO-WS-01,REF-03-SPINDLE-VIBRATION,2.09480988556,mm/s
2026-02-02T14:01:39Z,DEMO-WS-01,REF-06-FEED-AXIS-ERROR,10.7630138581,µm
2026-02-02T14:01:39.500Z,DEMO-WS-01,REF-03-SPINDLE-VIBRATION,2.09463479308,mm/s
2026-02-02T14:01:40Z,DEMO-WS-01,REF-01-SPINDLE-CURRENT,2.40618369008,A
2026-02-02T14:01:40Z,DEMO-WS-01,REF-02-SPINDLE-SPEED,33702.2922028,RPM
2026-02-02T14:01:40Z,DEMO-WS-01,REF-03-SPINDLE-VIBRATION,2.09445649845,mm/s
2026-02-02T14:01:40Z,DEMO-WS-01,REF-04-COOLANT-PRESSURE,0.464556665711,MPa
2026-02-02T14:01:40Z,DEMO-WS-01,REF-05-COOLANT-FLOW,1.35487618926,L/min
2026-02-02T14:01:40Z,DEMO-WS-01,REF-06-FEED-AXIS-ERROR,10.7611981753,µm
2026-02-02T14:01:40Z,DEMO-WS-01,REF-07-COOLANT-TEMPERATURE,104.34119238,°C
2026-02-02T14:01:40.500Z,DEMO-WS-01,REF-03-SPINDLE-VIBRATION,2.09427536999,mm/s
2026-02-02T14:01:41Z,DEMO-WS-01,REF-01-SPINDLE-CURRENT,2.40620912308,A
2026-02-02T14:01:41Z,DEMO-WS-01,REF-02-SPINDLE-SPEED,33702.9280278,RPM
2026-02-02T14:01:41Z,DEMO-WS-01,REF-03-SPINDLE-VIBRATION,2.09409178187,mm/s
2026-02-02T14:01:41Z,DEMO-WS-01,REF-06-FEED-AXIS-ERROR,10.7593242822,µm
2026-02-02T14:01:41.500Z,DEMO-WS-01,REF-03-SPINDLE-VIBRATION,2.09390611333,mm/s
2026-02-02T14:01:42Z,DEMO-WS-01,REF-01-SPINDLE-CURRENT,2.40621869874,A
2026-02-02T14:01:42Z,DEMO-WS-01,REF-02-SPINDLE-SPEED,33703.1674191,RPM
2026-02-02T14:01:42Z,DEMO-WS-01,REF-03-SPINDLE-VIBRATION,2.09371874792,mm/s
2026-02-02T14:01:42Z,DEMO-WS-01,REF-04-COOLANT-PRESSURE,0.464204195249,MPa
2026-02-02T14:01:42Z,DEMO-WS-01,REF-05-COOLANT-FLOW,1.35439894821,L/min
2026-02-02T14:01:42Z,DEMO-WS-01,REF-06-FEED-AXIS-ERROR,10.7574076551,µm
2026-02-02T14:01:42.500Z,DEMO-WS-01,REF-03-SPINDLE-VIBRATION,2.0935300727,mm/s
2026-02-02T14:01:43Z,DEMO-WS-01,REF-01-SPINDLE-CURRENT,2.40621236041,A
2026-02-02T14:01:43Z,DEMO-WS-01,REF-02-SPINDLE-SPEED,33703.0089608,RPM
2026-02-02T14:01:43Z,DEMO-WS-01,REF-03-SPINDLE-VIBRATION,2.09334047742,mm/s
2026-02-02T14:01:43Z,DEMO-WS-01,REF-06-FEED-AXIS-ERROR,10.7554641228,µm
2026-02-02T14:01:43.500Z,DEMO-WS-01,REF-03-SPINDLE-VIBRATION,2.09315035374,mm/s
2026-02-02T14:01:44Z,DEMO-WS-01,REF-01-SPINDLE-CURRENT,2.40619014558,A
2026-02-02T14:01:44Z,DEMO-WS-01,REF-02-SPINDLE-SPEED,33702.4535902,RPM
2026-02-02T14:01:44Z,DEMO-WS-01,REF-03-SPINDLE-VIBRATION,2.09296009441,mm/s
2026-02-02T14:01:44Z,DEMO-WS-01,REF-04-COOLANT-PRESSURE,0.463841738098,MPa
2026-02-02T14:01:44Z,DEMO-WS-01,REF-05-COOLANT-FLOW,1.35390818529,L/min
2026-02-02T14:01:44Z,DEMO-WS-01,REF-06-FEED-AXIS-ERROR,10.7535097366,µm
2026-02-02T14:01:44.500Z,DEMO-WS-01,REF-03-SPINDLE-VIBRATION,2.09277009246,mm/s
2026-02-02T14:01:45Z,DEMO-WS-01,REF-01-SPINDLE-CURRENT,2.40821074175,A
2026-02-02T14:01:45Z,DEMO-WS-01,REF-02-SPINDLE-SPEED,33752.9684943,RPM
2026-02-02T14:01:45Z,DEMO-WS-01,REF-03-SPINDLE-VIBRATION,2.09258074039,mm/s
2026-02-02T14:01:45Z,DEMO-WS-01,REF-06-FEED-AXIS-ERROR,10.7515606372,µm
2026-02-02T14:01:45.500Z,DEMO-WS-01,REF-03-SPINDLE-VIBRATION,2.09239242935,mm/s
2026-02-02T14:01:46Z,DEMO-WS-01,REF-01-SPINDLE-CURRENT,2.40821074175,A
2026-02-02T14:01:46Z,DEMO-WS-01,REF-02-SPINDLE-SPEED,33752.9684943,RPM
2026-02-02T14:01:46Z,DEMO-WS-01,REF-03-SPINDLE-VIBRATION,2.09220554835,mm/s
2026-02-02T14:01:46Z,DEMO-WS-01,REF-04-COOLANT-PRESSURE,0.463481243339,MPa
2026-02-02T14:01:46Z,DEMO-WS-01,REF-05-COOLANT-FLOW,1.35342007943,L/min
2026-02-02T14:01:46Z,DEMO-WS-01,REF-06-FEED-AXIS-ERROR,10.7496329219,µm
2026-02-02T14:01:46.500Z,DEMO-WS-01,REF-03-SPINDLE-VIBRATION,2.09202048345,mm/s
2026-02-02T14:01:47Z,DEMO-WS-01,REF-01-SPINDLE-CURRENT,2.40821074175,A
2026-02-02T14:01:47Z,DEMO-WS-01,REF-02-SPINDLE-SPEED,33752.9684943,RPM
2026-02-02T14:01:47Z,DEMO-WS-01,REF-03-SPINDLE-VIBRATION,2.09183761693,mm/s
2026-02-02T14:01:47Z,DEMO-WS-01,REF-06-FEED-AXIS-ERROR,10.7477425112,µm
2026-02-02T14:01:47.500Z,DEMO-WS-01,REF-03-SPINDLE-VIBRATION,2.09165732656,mm/s
2026-02-02T14:01:48Z,DEMO-WS-01,REF-01-SPINDLE-CURRENT,2.40821074175,A
2026-02-02T14:01:48Z,DEMO-WS-01,REF-02-SPINDLE-SPEED,33752.9684943,RPM
2026-02-02T14:01:48Z,DEMO-WS-01,REF-03-SPINDLE-VIBRATION,2.09147998478,mm/s
2026-02-02T14:01:48Z,DEMO-WS-01,REF-04-COOLANT-PRESSURE,0.463134595363,MPa
2026-02-02T14:01:48Z,DEMO-WS-01,REF-05-COOLANT-FLOW,1.35295072196,L/min
2026-02-02T14:01:48Z,DEMO-WS-01,REF-06-FEED-AXIS-ERROR,10.7459050176,µm
2026-02-02T14:01:48.500Z,DEMO-WS-01,REF-03-SPINDLE-VIBRATION,2.09130595793,mm/s
2026-02-02T14:01:49Z,DEMO-WS-01,REF-01-SPINDLE-CURRENT,2.40821074175,A
2026-02-02T14:01:49Z,DEMO-WS-01,REF-02-SPINDLE-SPEED,33752.9684943,RPM
2026-02-02T14:01:49Z,DEMO-WS-01,REF-03-SPINDLE-VIBRATION,2.09113560551,mm/s
2026-02-02T14:01:49Z,DEMO-WS-01,REF-06-FEED-AXIS-ERROR,10.7441356165,µm
2026-02-02T14:01:49.500Z,DEMO-WS-01,REF-03-SPINDLE-VIBRATION,2.09096927942,mm/s
2026-02-02T14:01:50Z,DEMO-WS-01,REF-01-SPINDLE-CURRENT,2.40821074175,A
2026-02-02T14:01:50Z,DEMO-WS-01,REF-02-SPINDLE-SPEED,33752.9684943,RPM
2026-02-02T14:01:50Z,DEMO-WS-01,REF-03-SPINDLE-VIBRATION,2.09080732327,mm/s
2026-02-02T14:01:50Z,DEMO-WS-01,REF-04-COOLANT-PRESSURE,0.462813222071,MPa
2026-02-02T14:01:50Z,DEMO-WS-01,REF-05-COOLANT-FLOW,1.35251558613,L/min
2026-02-02T14:01:50Z,DEMO-WS-01,REF-06-FEED-AXIS-ERROR,10.742448921,µm
2026-02-02T14:01:50Z,DEMO-WS-01,REF-07-COOLANT-TEMPERATURE,104.15939854,°C
2026-02-02T14:01:50.500Z,DEMO-WS-01,REF-03-SPINDLE-VIBRATION,2.09065007159,mm/s
2026-02-02T14:01:51Z,DEMO-WS-01,REF-01-SPINDLE-CURRENT,2.40821074175,A
2026-02-02T14:01:51Z,DEMO-WS-01,REF-02-SPINDLE-SPEED,33752.9684943,RPM
2026-02-02T14:01:51Z,DEMO-WS-01,REF-03-SPINDLE-VIBRATION,2.09049784926,mm/s
2026-02-02T14:01:51Z,DEMO-WS-01,REF-06-FEED-AXIS-ERROR,10.7408588612,µm
2026-02-02T14:01:51.500Z,DEMO-WS-01,REF-03-SPINDLE-VIBRATION,2.09035097071,mm/s
2026-02-02T14:01:52Z,DEMO-WS-01,REF-01-SPINDLE-CURRENT,2.40821074175,A
2026-02-02T14:01:52Z,DEMO-WS-01,REF-02-SPINDLE-SPEED,33752.9684943,RPM
2026-02-02T14:01:52Z,DEMO-WS-01,REF-03-SPINDLE-VIBRATION,2.09020973936,mm/s
2026-02-02T14:01:52Z,DEMO-WS-01,REF-04-COOLANT-PRESSURE,0.462527718141,MPa
2026-02-02T14:01:52Z,DEMO-WS-01,REF-05-COOLANT-FLOW,1.35212901701,L/min
2026-02-02T14:01:52Z,DEMO-WS-01,REF-06-FEED-AXIS-ERROR,10.739378569,µm
2026-02-02T14:01:52.500Z,DEMO-WS-01,REF-03-SPINDLE-VIBRATION,2.09007444697,mm/s
2026-02-02T14:01:53Z,DEMO-WS-01,REF-01-SPINDLE-CURRENT,2.40821074175,A
2026-02-02T14:01:53Z,DEMO-WS-01,REF-02-SPINDLE-SPEED,33752.9684943,RPM
2026-02-02T14:01:53Z,DEMO-WS-01,REF-03-SPINDLE-VIBRATION,2.08994537301,mm/s
2026-02-02T14:01:53Z,DEMO-WS-01,REF-06-FEED-AXIS-ERROR,10.7380202697,µm
2026-02-02T14:01:53.500Z,DEMO-WS-01,REF-03-SPINDLE-VIBRATION,2.08982278412,mm/s
2026-02-02T14:01:54Z,DEMO-WS-01,REF-01-SPINDLE-CURRENT,2.40821074175,A
2026-02-02T14:01:54Z,DEMO-WS-01,REF-02-SPINDLE-SPEED,33752.9684943,RPM
2026-02-02T14:01:54Z,DEMO-WS-01,REF-03-SPINDLE-VIBRATION,2.08970693354,mm/s
2026-02-02T14:01:54Z,DEMO-WS-01,REF-04-COOLANT-PRESSURE,0.462287495745,MPa
2026-02-02T14:01:54Z,DEMO-WS-01,REF-05-COOLANT-FLOW,1.35180375858,L/min
2026-02-02T14:01:54Z,DEMO-WS-01,REF-06-FEED-AXIS-ERROR,10.7367951813,µm
2026-02-02T14:01:54.500Z,DEMO-WS-01,REF-03-SPINDLE-VIBRATION,2.08959806059,mm/s
2026-02-02T14:01:55Z,DEMO-WS-01,REF-01-SPINDLE-CURRENT,2.40821074175,A
2026-02-02T14:01:55Z,DEMO-WS-01,REF-02-SPINDLE-SPEED,33752.9684943,RPM
2026-02-02T14:01:55Z,DEMO-WS-01,REF-03-SPINDLE-VIBRATION,2.08949639018,mm/s
2026-02-02T14:01:55Z,DEMO-WS-01,REF-06-FEED-AXIS-ERROR,10.7357134215,µm
2026-02-02T14:01:55.500Z,DEMO-WS-01,REF-03-SPINDLE-VIBRATION,2.08940213233,mm/s
2026-02-02T14:01:56Z,DEMO-WS-01,REF-01-SPINDLE-CURRENT,2.40821074175,A
2026-02-02T14:01:56Z,DEMO-WS-01,REF-02-SPINDLE-SPEED,33752.9684943,RPM
2026-02-02T14:01:56Z,DEMO-WS-01,REF-03-SPINDLE-VIBRATION,2.08931548175,mm/s
2026-02-02T14:01:56Z,DEMO-WS-01,REF-04-COOLANT-PRESSURE,0.462100474269,MPa
2026-02-02T14:01:56Z,DEMO-WS-01,REF-05-COOLANT-FLOW,1.3515505336,L/min
2026-02-02T14:01:56Z,DEMO-WS-01,REF-06-FEED-AXIS-ERROR,10.7347839243,µm
2026-02-02T14:01:56.500Z,DEMO-WS-01,REF-03-SPINDLE-VIBRATION,2.08923661745,mm/s
2026-02-02T14:01:57Z,DEMO-WS-01,REF-01-SPINDLE-CURRENT,2.40821074175,A
2026-02-02T14:01:57Z,DEMO-WS-01,REF-02-SPINDLE-SPEED,33752.9684943,RPM
2026-02-02T14:01:57Z,DEMO-WS-01,REF-03-SPINDLE-VIBRATION,2.08916570234,mm/s
2026-02-02T14:01:57Z,DEMO-WS-01,REF-06-FEED-AXIS-ERROR,10.7340143663,µm
2026-02-02T14:01:57.500Z,DEMO-WS-01,REF-03-SPINDLE-VIBRATION,2.08910288291,mm/s
2026-02-02T14:01:58Z,DEMO-WS-01,REF-01-SPINDLE-CURRENT,2.40821074175,A
2026-02-02T14:01:58Z,DEMO-WS-01,REF-02-SPINDLE-SPEED,33752.9684943,RPM
2026-02-02T14:01:58Z,DEMO-WS-01,REF-03-SPINDLE-VIBRATION,2.08904828894,mm/s
2026-02-02T14:01:58Z,DEMO-WS-01,REF-04-COOLANT-PRESSURE,0.461972819226,MPa
2026-02-02T14:01:58Z,DEMO-WS-01,REF-05-COOLANT-FLOW,1.3513776901,L/min
2026-02-02T14:01:58Z,DEMO-WS-01,REF-06-FEED-AXIS-ERROR,10.7334111029,µm
2026-02-02T14:01:58.500Z,DEMO-WS-01,REF-03-SPINDLE-VIBRATION,2.0890020332,mm/s
2026-02-02T14:01:59Z,DEMO-WS-01,REF-01-SPINDLE-CURRENT,2.40821074175,A
2026-02-02T14:01:59Z,DEMO-WS-01,REF-02-SPINDLE-SPEED,33752.9684943,RPM
2026-02-02T14:01:59Z,DEMO-WS-01,REF-03-SPINDLE-VIBRATION,2.08896421124,mm/s
2026-02-02T14:01:59Z,DEMO-WS-01,REF-06-FEED-AXIS-ERROR,10.7329791164,µm
2026-02-02T14:01:59.500Z,DEMO-WS-01,REF-03-SPINDLE-VIBRATION,2.08893490119,mm/s
2026-02-02T14:02:00Z,DEMO-WS-01,REF-01-SPINDLE-CURRENT,2.40821074175,A
2026-02-02T14:02:00Z,DEMO-WS-01,REF-02-SPINDLE-SPEED,33752.9684943,RPM
2026-02-02T14:02:00Z,DEMO-WS-01,REF-03-SPINDLE-VIBRATION,2.08891416361,mm/s
2026-02-02T14:02:00Z,DEMO-WS-01,REF-04-COOLANT-PRESSURE,0.461908739007,MPa
2026-02-02T14:02:00Z,DEMO-WS-01,REF-05-COOLANT-FLOW,1.35129092621,L/min
2026-02-02T14:02:00Z,DEMO-WS-01,REF-06-FEED-AXIS-ERROR,10.7327219746,µm
2026-02-02T14:02:00Z,DEMO-WS-01,REF-07-COOLANT-TEMPERATURE,104.065085511,°C
2026-02-02T14:02:00.500Z,DEMO-WS-01,REF-03-SPINDLE-VIBRATION,2.08890204134,mm/s
2026-02-02T14:02:01Z,DEMO-WS-01,REF-01-SPINDLE-CURRENT,2.40821074175,A
2026-02-02T14:02:01Z,DEMO-WS-01,REF-02-SPINDLE-SPEED,33752.9684943,RPM
2026-02-02T14:02:01Z,DEMO-WS-01,REF-03-SPINDLE-VIBRATION,2.0888985594,mm/s
2026-02-02T14:02:01Z,DEMO-WS-01,REF-06-FEED-AXIS-ERROR,10.732641801,µm
2026-02-02T14:02:01.500Z,DEMO-WS-01,REF-03-SPINDLE-VIBRATION,2.088903725,mm/s
2026-02-02T14:02:02Z,DEMO-WS-01,REF-01-SPINDLE-CURRENT,2.40821074175,A
2026-02-02T14:02:02Z,DEMO-WS-01,REF-02-SPINDLE-SPEED,33752.9684943,RPM
2026-02-02T14:02:02Z,DEMO-WS-01,REF-03-SPINDLE-VIBRATION,2.08891752747,mm/s
2026-02-02T14:02:02Z,DEMO-WS-01,REF-04-COOLANT-PRESSURE,0.461910346136,MPa
2026-02-02T14:02:02Z,DEMO-WS-01,REF-05-COOLANT-FLOW,1.35129310224,L/min
2026-02-02T14:02:02Z,DEMO-WS-01,REF-06-FEED-AXIS-ERROR,10.7327392579,µm
2026-02-02T14:02:02.500Z,DEMO-WS-01,REF-03-SPINDLE-VIBRATION,2.08893993829,mm/s
2026-02-02T14:02:03Z,DEMO-WS-01,REF-01-SPINDLE-CURRENT,2.40821074175,A
2026-02-02T14:02:03Z,DEMO-WS-01,REF-02-SPINDLE-SPEED,33752.9684943,RPM
2026-02-02T14:02:03Z,DEMO-WS-01,REF-03-SPINDLE-VIBRATION,2.08897091117,mm/s
2026-02-02T14:02:03Z,DEMO-WS-01,REF-06-FEED-AXIS-ERROR,10.7330135403,µm
2026-02-02T14:02:03.500Z,DEMO-WS-01,REF-03-SPINDLE-VIBRATION,2.08901038212,mm/s
2026-02-02T14:02:04Z,DEMO-WS-01,REF-01-SPINDLE-CURRENT,2.40821074175,A
2026-02-02T14:02:04Z,DEMO-WS-01,REF-02-SPINDLE-SPEED,33752.9684943,RPM
2026-02-02T14:02:04Z,DEMO-WS-01,REF-03-SPINDLE-VIBRATION,2.08905826961,mm/s
2026-02-02T14:02:04Z,DEMO-WS-01,REF-04-COOLANT-PRESSURE,0.461977587631,MPa
2026-02-02T14:02:04Z,DEMO-WS-01,REF-05-COOLANT-FLOW,1.35138414647,L/min
2026-02-02T14:02:04Z,DEMO-WS-01,REF-06-FEED-AXIS-ERROR,10.733462383,µm
2026-02-02T14:02:04.500Z,DEMO-WS-01,REF-03-SPINDLE-VIBRATION,2.08911447472,mm/s
2026-02-02T14:02:05Z,DEMO-WS-01,REF-01-SPINDLE-CURRENT,2.40821074175,A
2026-02-02T14:02:05Z,DEMO-WS-01,REF-02-SPINDLE-SPEED,33752.9684943,RPM
2026-02-02T14:02:05Z,DEMO-WS-01,REF-03-SPINDLE-VIBRATION,2.08917888133,mm/s
2026-02-02T14:02:05Z,DEMO-WS-01,REF-06-FEED-AXIS-ERROR,10.7340820792,µm
2026-02-02T14:02:05.500Z,DEMO-WS-01,REF-03-SPINDLE-VIBRATION,2.0892513564,mm/s
2026-02-02T14:02:06Z,DEMO-WS-01,REF-01-SPINDLE-CURRENT,2.40821074175,A
2026-02-02T14:02:06Z,DEMO-WS-01,REF-02-SPINDLE-SPEED,33752.9684943,RPM
2026-02-02T14:02:06Z,DEMO-WS-01,REF-03-SPINDLE-VIBRATION,2.08933175021,mm/s
2026-02-02T14:02:06Z,DEMO-WS-01,REF-04-COOLANT-PRESSURE,0.46210824675,MPa
2026-02-02T14:02:06Z,DEMO-WS-01,REF-05-COOLANT-FLOW,1.35156105745,L/min
2026-02-02T14:02:06Z,DEMO-WS-01,REF-06-FEED-AXIS-ERROR,10.7348675108,µm
2026-02-02T14:02:06.500Z,DEMO-WS-01,REF-03-SPINDLE-VIBRATION,2.0894198967,mm/s
2026-02-02T14:02:07Z,DEMO-WS-01,REF-01-SPINDLE-CURRENT,2.40821074175,A
2026-02-02T14:02:07Z,DEMO-WS-01,REF-02-SPINDLE-SPEED,33752.9684943,RPM
2026-02-02T14:02:07Z,DEMO-WS-01,REF-03-SPINDLE-VIBRATION,2.08951561376,mm/s
2026-02-02T14:02:07Z,DEMO-WS-01,REF-06-FEED-AXIS-ERROR,10.7358121912,µm
2026-02-02T14:02:07.500Z,DEMO-WS-01,REF-03-SPINDLE-VIBRATION,2.08961870367,mm/s
2026-02-02T14:02:08Z,DEMO-WS-01,REF-01-SPINDLE-CURRENT,2.40821074175,A
2026-02-02T14:02:08Z,DEMO-WS-01,REF-02-SPINDLE-SPEED,33752.9684943,RPM
2026-02-02T14:02:08Z,DEMO-WS-01,REF-03-SPINDLE-VIBRATION,2.08972895347,mm/s
2026-02-02T14:02:08Z,DEMO-WS-01,REF-04-COOLANT-PRESSURE,0.462298016068,MPa
2026-02-02T14:02:08Z,DEMO-WS-01,REF-05-COOLANT-FLOW,1.35181800298,L/min
2026-02-02T14:02:08Z,DEMO-WS-01,REF-06-FEED-AXIS-ERROR,10.7369083185,µm
2026-02-02T14:02:08.500Z,DEMO-WS-01,REF-03-SPINDLE-VIBRATION,2.08984613541,mm/s
2026-02-02T14:02:09Z,DEMO-WS-01,REF-01-SPINDLE-CURRENT,2.40821074175,A
2026-02-02T14:02:09Z,DEMO-WS-01,REF-02-SPINDLE-SPEED,33752.9684943,RPM
2026-02-02T14:02:09Z,DEMO-WS-01,REF-03-SPINDLE-VIBRATION,2.08997000743,mm/s
2026-02-02T14:02:09Z,DEMO-WS-01,REF-06-FEED-AXIS-ERROR,10.73814684,µm
2026-02-02T14:02:09.500Z,DEMO-WS-01,REF-03-SPINDLE-VIBRATION,2.09010031363,mm/s
2026-02-02T14:02:10Z,DEMO-WS-01,REF-01-SPINDLE-CURRENT,2.40821074175,A
2026-02-02T14:02:10Z,DEMO-WS-01,REF-02-SPINDLE-SPEED,33752.9684943,RPM
2026-02-02T14:02:10Z,DEMO-WS-01,REF-03-SPINDLE-VIBRATION,2.09023678482,mm/s
2026-02-02T14:02:10Z,DEMO-WS-01,REF-04-COOLANT-PRESSURE,0.462540639483,MPa
2026-02-02T14:02:10Z,DEMO-WS-01,REF-05-COOLANT-FLOW,1.35214651236,L/min
2026-02-02T14:02:10Z,DEMO-WS-01,REF-06-FEED-AXIS-ERROR,10.739517527,µm
2026-02-02T14:02:10Z,DEMO-WS-01,REF-07-COOLANT-TEMPERATURE,104.130975576,°C
2026-02-02T14:02:10.500Z,DEMO-WS-01,REF-03-SPINDLE-VIBRATION,2.09037913911,mm/s
2026-02-02T14:02:11Z,DEMO-WS-01,REF-01-SPINDLE-CURRENT,2.40821074175,A
2026-02-02T14:02:11Z,DEMO-WS-01,REF-02-SPINDLE-SPEED,33752.9684943,RPM
2026-02-02T14:02:11Z,DEMO-WS-01,REF-03-SPINDLE-VIBRATION,2.0905270824,mm/s
2026-02-02T14:02:11Z,DEMO-WS-01,REF-06-FEED-AXIS-ERROR,10.7410090595,µm
2026-02-02T14:02:11.500Z,DEMO-WS-01,REF-03-SPINDLE-VIBRATION,2.0906803091,mm/s
2026-02-02T14:02:12Z,DEMO-WS-01,REF-01-SPINDLE-CURRENT,2.40821074175,A
2026-02-02T14:02:12Z,DEMO-WS-01,REF-02-SPINDLE-SPEED,33752.9684943,RPM
2026-02-02T14:02:12Z,DEMO-WS-01,REF-03-SPINDLE-VIBRATION,2.09083850266,mm/s
2026-02-02T14:02:12Z,DEMO-WS-01,REF-04-COOLANT-PRESSURE,0.462828118457,MPa
2026-02-02T14:02:12Z,DEMO-WS-01,REF-05-COOLANT-FLOW,1.35253575567,L/min
2026-02-02T14:02:12Z,DEMO-WS-01,REF-06-FEED-AXIS-ERROR,10.742609119,µm
2026-02-02T14:02:12.500Z,DEMO-WS-01,REF-03-SPINDLE-VIBRATION,2.09100133631,mm/s
2026-02-02T14:02:13Z,DEMO-WS-01,REF-01-SPINDLE-CURRENT,2.40821074175,A
2026-02-02T14:02:13Z,DEMO-WS-01,REF-02-SPINDLE-SPEED,33752.9684943,RPM
2026-02-02T14:02:13Z,DEMO-WS-01,REF-03-SPINDLE-VIBRATION,2.09116847365,mm/s
2026-02-02T14:02:13Z,DEMO-WS-01,REF-06-FEED-AXIS-ERROR,10.7443044912,µm
2026-02-02T14:02:13.500Z,DEMO-WS-01,REF-03-SPINDLE-VIBRATION,2.09133956944,mm/s
2026-02-02T14:02:14Z,DEMO-WS-01,REF-01-SPINDLE-CURRENT,2.40821074175,A
2026-02-02T14:02:14Z,DEMO-WS-01,REF-02-SPINDLE-SPEED,33752.9684943,RPM
2026-02-02T14:02:14Z,DEMO-WS-01,REF-03-SPINDLE-VIBRATION,2.09151427022,mm/s
2026-02-02T14:02:14Z,DEMO-WS-01,REF-04-COOLANT-PRESSURE,0.463150975704,MPa
2026-02-02T14:02:14Z,DEMO-WS-01,REF-05-COOLANT-FLOW,1.35297290076,L/min
2026-02-02T14:02:14Z,DEMO-WS-01,REF-06-FEED-AXIS-ERROR,10.7460811742,µm
2026-02-02T14:02:14.500Z,DEMO-WS-01,REF-03-SPINDLE-VIBRATION,2.09169221511,mm/s
2026-02-02T14:02:15Z,DEMO-WS-01,REF-01-SPINDLE-CURRENT,2.40821074175,A
2026-02-02T14:02:15Z,DEMO-WS-01,REF-02-SPINDLE-SPEED,33752.9684943,RPM
2026-02-02T14:02:15Z,DEMO-WS-01,REF-03-SPINDLE-VIBRATION,2.09187303651,mm/s
2026-02-02T14:02:15Z,DEMO-WS-01,REF-06-FEED-AXIS-ERROR,10.747924495,µm
2026-02-02T14:02:15.500Z,DEMO-WS-01,REF-03-SPINDLE-VIBRATION,2.0920563609,mm/s
2026-02-02T14:02:16Z,DEMO-WS-01,REF-01-SPINDLE-CURRENT,2.40821074175,A
2026-02-02T14:02:16Z,DEMO-WS-01,REF-02-SPINDLE-SPEED,33752.9684943,RPM
2026-02-02T14:02:16Z,DEMO-WS-01,REF-03-SPINDLE-VIBRATION,2.09224180956,mm/s
2026-02-02T14:02:16Z,DEMO-WS-01,REF-04-COOLANT-PRESSURE,0.463498567628,MPa
2026-02-02T14:02:16Z,DEMO-WS-01,REF-05-COOLANT-FLOW,1.35344353633,L/min
2026-02-02T14:02:16Z,DEMO-WS-01,REF-06-FEED-AXIS-ERROR,10.7498192299,µm
2026-02-02T14:02:16.500Z,DEMO-WS-01,REF-03-SPINDLE-VIBRATION,2.0924289994,mm/s
2026-02-02T14:02:17Z,DEMO-WS-01,REF-01-SPINDLE-CURRENT,2.40821074175,A
2026-02-02T14:02:17Z,DEMO-WS-01,REF-02-SPINDLE-SPEED,33752.9684943,RPM
2026-02-02T14:02:17Z,DEMO-WS-01,REF-03-SPINDLE-VIBRATION,2.09261754374,mm/s
2026-02-02T14:02:17Z,DEMO-WS-01,REF-06-FEED-AXIS-ERROR,10.7517497307,µm
2026-02-02T14:02:17.500Z,DEMO-WS-01,REF-03-SPINDLE-VIBRATION,2.09280705308,mm/s
2026-02-02T14:02:18Z,DEMO-WS-01,REF-01-SPINDLE-CURRENT,2.40821074175,A
2026-02-02T14:02:18Z,DEMO-WS-01,REF-02-SPINDLE-SPEED,33752.9684943,RPM
2026-02-02T14:02:18Z,DEMO-WS-01,REF-03-SPINDLE-VIBRATION,2.09299713596,mm/s
2026-02-02T14:02:18Z,DEMO-WS-01,REF-04-COOLANT-PRESSURE,0.463859435205,MPa
2026-02-02T14:02:18Z,DEMO-WS-01,REF-05-COOLANT-FLOW,1.35393214698,L/min
2026-02-02T14:02:18Z,DEMO-WS-01,REF-06-FEED-AXIS-ERROR,10.7537000539,µm
2026-02-02T14:02:18.500Z,DEMO-WS-01,REF-03-SPINDLE-VIBRATION,2.09318739969,mm/s
2026-02-02T14:02:19Z,DEMO-WS-01,REF-01-SPINDLE-CURRENT,2.40821074175,A
2026-02-02T14:02:19Z,DEMO-WS-01,REF-02-SPINDLE-SPEED,33752.9684943,RPM
2026-02-02T14:02:19Z,DEMO-WS-01,REF-03-SPINDLE-VIBRATION,2.09337745125,mm/s
2026-02-02T14:02:19Z,DEMO-WS-01,REF-06-FEED-AXIS-ERROR,10.7556540922,µm
2026-02-02T14:02:19.500Z,DEMO-WS-01,REF-03-SPINDLE-VIBRATION,2.09356689802,mm/s
2026-02-02T14:02:20Z,DEMO-WS-01,REF-01-SPINDLE-CURRENT,2.40821074175,A
2026-02-02T14:02:20Z,DEMO-WS-01,REF-02-SPINDLE-SPEED,33752.9684943,RPM
2026-02-02T14:02:20Z,DEMO-WS-01,REF-03-SPINDLE-VIBRATION,2.09375534867,mm/s
2026-02-02T14:02:20Z,DEMO-WS-01,REF-04-COOLANT-PRESSURE,0.464221681757,MPa
2026-02-02T14:02:20Z,DEMO-WS-01,REF-05-COOLANT-FLOW,1.35442262475,L/min
2026-02-02T14:02:20Z,DEMO-WS-01,REF-06-FEED-AXIS-ERROR,10.7575957076,µm
2026-02-02T14:02:20Z,DEMO-WS-01,REF-07-COOLANT-TEMPERATURE,104.306262648,°C
2026-02-02T14:02:20.500Z,DEMO-WS-01,REF-03-SPINDLE-VIBRATION,2.09394241389,mm/s
2026-02-02T14:02:21Z,DEMO-WS-01,REF-01-SPINDLE-CURRENT,2.40821074175,A
2026-02-02T14:02:21Z,DEMO-WS-01,REF-02-SPINDLE-SPEED,33752.9684943,RPM
2026-02-02T14:02:21Z,DEMO-WS-01,REF-03-SPINDLE-VIBRATION,2.09412770725,mm/s
2026-02-02T14:02:21Z,DEMO-WS-01,REF-06-FEED-AXIS-ERROR,10.7595088648,µm
2026-02-02T14:02:21.500Z,DEMO-WS-01,REF-03-SPINDLE-VIBRATION,2.09431084599,mm/s
2026-02-02T14:02:22Z,DEMO-WS-01,REF-01-SPINDLE-CURRENT,2.40821074175,A
2026-02-02T14:02:22Z,DEMO-WS-01,REF-02-SPINDLE-SPEED,33752.9684943,RPM
2026-02-02T14:02:22Z,DEMO-WS-01,REF-03-SPINDLE-VIBRATION,2.09449145178,mm/s
2026-02-02T14:02:22Z,DEMO-WS-01,REF-04-COOLANT-PRESSURE,0.464573365144,MPa
2026-02-02T14:02:22Z,DEMO-WS-01,REF-05-COOLANT-FLOW,1.35489880011,L/min
2026-02-02T14:02:22Z,DEMO-WS-01,REF-06-FEED-AXIS-ERROR,10.7613777635,µm
2026-02-02T14:02:22.500Z,DEMO-WS-01,REF-03-SPINDLE-VIBRATION,2.09466915153,mm/s
2026-02-02T14:02:23Z,DEMO-WS-01,REF-01-SPINDLE-CURRENT,2.40821074175,A
2026-02-02T14:02:23Z,DEMO-WS-01,REF-02-SPINDLE-SPEED,33752.9684943,RPM
2026-02-02T14:02:23Z,DEMO-WS-01,REF-03-SPINDLE-VIBRATION,2.09484357816,mm/s
2026-02-02T14:02:23Z,DEMO-WS-01,REF-06-FEED-AXIS-ERROR,10.7631869688,µm
2026-02-02T14:02:23.500Z,DEMO-WS-01,REF-03-SPINDLE-VIBRATION,2.09501437135,mm/s
2026-02-02T14:02:24Z,DEMO-WS-01,REF-01-SPINDLE-CURRENT,2.40821074175,A
2026-02-02T14:02:24Z,DEMO-WS-01,REF-02-SPINDLE-SPEED,33752.9684943,RPM
2026-02-02T14:02:24Z,DEMO-WS-01,REF-03-SPINDLE-VIBRATION,2.09518117827,mm/s
2026-02-02T14:02:24Z,DEMO-WS-01,REF-04-COOLANT-PRESSURE,0.464902891461,MPa
2026-02-02T14:02:24Z,DEMO-WS-01,REF-05-COOLANT-FLOW,1.35534497504,L/min
2026-02-02T14:02:24Z,DEMO-WS-01,REF-06-FEED-AXIS-ERROR,10.7649215389,µm
2026-02-02T14:02:24.500Z,DEMO-WS-01,REF-03-SPINDLE-VIBRATION,2.09534365434,mm/s
2026-02-02T14:02:25Z,DEMO-WS-01,REF-01-SPINDLE-CURRENT,2.40821074175,A
2026-02-02T14:02:25Z,DEMO-WS-01,REF-02-SPINDLE-SPEED,33752.9684943,RPM
2026-02-02T14:02:25Z,DEMO-WS-01,REF-03-SPINDLE-VIBRATION,2.09550146394,mm/s
2026-02-02T14:02:25Z,DEMO-WS-01,REF-06-FEED-AXIS-ERROR,10.7665671484,µm
2026-02-02T14:02:25.500Z,DEMO-WS-01,REF-03-SPINDLE-VIBRATION,2.09565428105,mm/s
2026-02-02T14:02:26Z,DEMO-WS-01,REF-01-SPINDLE-CURRENT,2.40821074175,A
2026-02-02T14:02:26Z,DEMO-WS-01,REF-02-SPINDLE-SPEED,33752.9684943,RPM
2026-02-02T14:02:26Z,DEMO-WS-01,REF-03-SPINDLE-VIBRATION,2.09580179,mm/s
2026-02-02T14:02:26Z,DEMO-WS-01,REF-04-COOLANT-PRESSURE,0.465199397252,MPa
2026-02-02T14:02:26Z,DEMO-WS-01,REF-05-COOLANT-FLOW,1.35574644056,L/min
2026-02-02T14:02:26Z,DEMO-WS-01,REF-06-FEED-AXIS-ERROR,10.7681102066,µm
2026-02-02T14:02:26.500Z,DEMO-WS-01,REF-03-SPINDLE-VIBRATION,2.09594368607,mm/s
2026-02-02T14:02:27Z,DEMO-WS-01,REF-01-SPINDLE-CURRENT,2.40821074175,A
2026-02-02T14:02:27Z,DEMO-WS-01,REF-02-SPINDLE-SPEED,33752.9684943,RPM
2026-02-02T14:02:27Z,DEMO-WS-01,REF-03-SPINDLE-VIBRATION,2.09607967613,mm/s
2026-02-02T14:02:27Z,DEMO-WS-01,REF-06-FEED-AXIS-ERROR,10.7695379697,µm
2026-02-02T14:02:27.500Z,DEMO-WS-01,REF-03-SPINDLE-VIBRATION,2.09620947927,mm/s
2026-02-02T14:02:28Z,DEMO-WS-01,REF-01-SPINDLE-CURRENT,2.40821074175,A
2026-02-02T14:02:28Z,DEMO-WS-01,REF-02-SPINDLE-SPEED,33752.9684943,RPM
2026-02-02T14:02:28Z,DEMO-WS-01,REF-03-SPINDLE-VIBRATION,2.09633282734,mm/s
2026-02-02T14:02:28Z,DEMO-WS-01,REF-04-COOLANT-PRESSURE,0.465453107646,MPa
2026-02-02T14:02:28Z,DEMO-WS-01,REF-05-COOLANT-FLOW,1.35608996159,L/min
2026-02-02T14:02:28Z,DEMO-WS-01,REF-06-FEED-AXIS-ERROR,10.7708386462,µm
2026-02-02T14:02:28.500Z,DEMO-WS-01,REF-03-SPINDLE-VIBRATION,2.09644946553,mm/s
2026-02-02T14:02:29Z,DEMO-WS-01,REF-01-SPINDLE-CURRENT,2.40821074175,A
2026-02-02T14:02:29Z,DEMO-WS-01,REF-02-SPINDLE-SPEED,33752.9684943,RPM
2026-02-02T14:02:29Z,DEMO-WS-01,REF-03-SPINDLE-VIBRATION,2.0965591529,mm/s
2026-02-02T14:02:29Z,DEMO-WS-01,REF-06-FEED-AXIS-ERROR,10.772001494,µm
2026-02-02T14:02:29.500Z,DEMO-WS-01,REF-03-SPINDLE-VIBRATION,2.09666166286,mm/s
2026-02-02T14:02:30Z,DEMO-WS-01,REF-01-SPINDLE-CURRENT,2.40821074175,A
2026-02-02T14:02:30Z,DEMO-WS-01,REF-02-SPINDLE-SPEED,33752.9684943,RPM
2026-02-02T14:02:30Z,DEMO-WS-01,REF-03-SPINDLE-VIBRATION,2.09675678364,mm/s
2026-02-02T14:02:30Z,DEMO-WS-01,REF-04-COOLANT-PRESSURE,0.465655658601,MPa
2026-02-02T14:02:30Z,DEMO-WS-01,REF-05-COOLANT-FLOW,1.35636421331,L/min
2026-02-02T14:02:30Z,DEMO-WS-01,REF-06-FEED-AXIS-ERROR,10.7730169095,µm
2026-02-02T14:02:30Z,DEMO-WS-01,REF-07-COOLANT-TEMPERATURE,104.455787503,°C
2026-02-02T14:02:30.500Z,DEMO-WS-01,REF-03-SPINDLE-VIBRATION,2.09684431876,mm/s
2026-02-02T14:02:31Z,DEMO-WS-01,REF-01-SPINDLE-CURRENT,2.40821074175,A
2026-02-02T14:02:31Z,DEMO-WS-01,REF-02-SPINDLE-SPEED,33752.9684943,RPM
2026-02-02T14:02:31Z,DEMO-WS-01,REF-03-SPINDLE-VIBRATION,2.09692408738,mm/s
2026-02-02T14:02:31Z,DEMO-WS-01,REF-06-FEED-AXIS-ERROR,10.7738765066,µm
2026-02-02T14:02:31.500Z,DEMO-WS-01,REF-03-SPINDLE-VIBRATION,2.09699592472,mm/s
2026-02-02T14:02:32Z,DEMO-WS-01,REF-01-SPINDLE-CURRENT,2.40821074175,A
2026-02-02T14:02:32Z,DEMO-WS-01,REF-02-SPINDLE-SPEED,33752.9684943,RPM
2026-02-02T14:02:32Z,DEMO-WS-01,REF-03-SPINDLE-VIBRATION,2.09705968239,mm/s
2026-02-02T14:02:32Z,DEMO-WS-01,REF-04-COOLANT-PRESSURE,0.465800372644,MPa
2026-02-02T14:02:32Z,DEMO-WS-01,REF-05-COOLANT-FLOW,1.3565601545,L/min
2026-02-02T14:02:32Z,DEMO-WS-01,REF-06-FEED-AXIS-ERROR,10.7745731861,µm
2026-02-02T14:02:32.500Z,DEMO-WS-01,REF-03-SPINDLE-VIBRATION,2.09711522867,mm/s
2026-02-02T14:02:33Z,DEMO-WS-01,REF-01-SPINDLE-CURRENT,2.40821074175,A
2026-02-02T14:02:33Z,DEMO-WS-01,REF-02-SPINDLE-SPEED,33752.9684943,RPM
2026-02-02T14:02:33Z,DEMO-WS-01,REF-03-SPINDLE-VIBRATION,2.09716244882,mm/s
2026-02-02T14:02:33Z,DEMO-WS-01,REF-06-FEED-AXIS-ERROR,10.7751011941,µm
2026-02-02T14:02:33.500Z,DEMO-WS-01,REF-03-SPINDLE-VIBRATION,2.0972012453,mm/s
2026-02-02T14:02:34Z,DEMO-WS-01,REF-01-SPINDLE-CURRENT,2.40821074175,A
2026-02-02T14:02:34Z,DEMO-WS-01,REF-02-SPINDLE-SPEED,33752.9684943,RPM
2026-02-02T14:02:34Z,DEMO-WS-01,REF-03-SPINDLE-VIBRATION,2.09723153795,mm/s
2026-02-02T14:02:34Z,DEMO-WS-01,REF-04-COOLANT-PRESSURE,0.465882479005,MPa
2026-02-02T14:02:34Z,DEMO-WS-01,REF-05-COOLANT-FLOW,1.35667132559,L/min
2026-02-02T14:02:34Z,DEMO-WS-01,REF-06-FEED-AXIS-ERROR,10.7754561702,µm
2026-02-02T14:02:34.500Z,DEMO-WS-01,REF-03-SPINDLE-VIBRATION,2.09725326421,mm/s
2026-02-02T14:02:35Z,DEMO-WS-01,REF-01-SPINDLE-CURRENT,2.40821074175,A
2026-02-02T14:02:35Z,DEMO-WS-01,REF-02-SPINDLE-SPEED,33752.9684943,RPM
2026-02-02T14:02:35Z,DEMO-WS-01,REF-03-SPINDLE-VIBRATION,2.09726637919,mm/s
2026-02-02T14:02:35Z,DEMO-WS-01,REF-06-FEED-AXIS-ERROR,10.7756351825,µm
2026-02-02T14:02:35.500Z,DEMO-WS-01,REF-03-SPINDLE-VIBRATION,2.0972708558,mm/s
2026-02-02T14:02:36Z,DEMO-WS-01,REF-01-SPINDLE-CURRENT,2.40821074175,A
2026-02-02T14:02:36Z,DEMO-WS-01,REF-02-SPINDLE-SPEED,33752.9684943,RPM
2026-02-02T14:02:36Z,DEMO-WS-01,REF-03-SPINDLE-VIBRATION,2.0972666848,mm/s
2026-02-02T14:02:36Z,DEMO-WS-01,REF-04-COOLANT-PRESSURE,0.465899270891,MPa
2026-02-02T14:02:36Z,DEMO-WS-01,REF-05-COOLANT-FLOW,1.35669406161,L/min
2026-02-02T14:02:36Z,DEMO-WS-01,REF-06-FEED-AXIS-ERROR,10.7756367526,µm
2026-02-02T14:02:36.500Z,DEMO-WS-01,REF-03-SPINDLE-VIBRATION,2.09725387478,mm/s
2026-02-02T14:02:37Z,DEMO-WS-01,REF-01-SPINDLE-CURRENT,2.40821074175,A
2026-02-02T14:02:37Z,DEMO-WS-01,REF-02-SPINDLE-SPEED,33752.9684943,RPM
2026-02-02T14:02:37Z,DEMO-WS-01,REF-03-SPINDLE-VIBRATION,2.09723245223,mm/s
2026-02-02T14:02:37Z,DEMO-WS-01,REF-06-FEED-AXIS-ERROR,10.7754608677,µm
2026-02-02T14:02:37.500Z,DEMO-WS-01,REF-03-SPINDLE-VIBRATION,2.0972024614,mm/s
2026-02-02T14:02:38Z,DEMO-WS-01,REF-01-SPINDLE-CURRENT,2.40821074175,A
2026-02-02T14:02:38Z,DEMO-WS-01,REF-02-SPINDLE-SPEED,33752.9684943,RPM
2026-02-02T14:02:38Z,DEMO-WS-01,REF-03-SPINDLE-VIBRATION,2.09716396423,mm/s
2026-02-02T14:02:38Z,DEMO-WS-01,REF-04-COOLANT-PRESSURE,0.465850194728,MPa
2026-02-02T14:02:38Z,DEMO-WS-01,REF-05-COOLANT-FLOW,1.35662761304,L/min
2026-02-02T14:02:38Z,DEMO-WS-01,REF-06-FEED-AXIS-ERROR,10.7751089802,µm
2026-02-02T14:02:38.500Z,DEMO-WS-01,REF-03-SPINDLE-VIBRATION,2.09711704025,mm/s
2026-02-02T14:02:39Z,DEMO-WS-01,REF-01-SPINDLE-CURRENT,2.40821074175,A
2026-02-02T14:02:39Z,DEMO-WS-01,REF-02-SPINDLE-SPEED,33752.9684943,RPM
2026-02-02T14:02:39Z,DEMO-WS-01,REF-03-SPINDLE-VIBRATION,2.09706178641,mm/s
2026-02-02T14:02:39Z,DEMO-WS-01,REF-06-FEED-AXIS-ERROR,10.7745839964,µm
2026-02-02T14:02:39.500Z,DEMO-WS-01,REF-03-SPINDLE-VIBRATION,2.09699831683,mm/s
2026-02-02T14:02:40Z,DEMO-WS-01,REF-01-SPINDLE-CURRENT,2.40821074175,A
2026-02-02T14:02:40Z,DEMO-WS-01,REF-02-SPINDLE-SPEED,33752.9684943,RPM
2026-02-02T14:02:40Z,DEMO-WS-01,REF-03-SPINDLE-VIBRATION,2.09692676263,mm/s
2026-02-02T14:02:40Z,DEMO-WS-01,REF-04-COOLANT-PRESSURE,0.465736868403,MPa
2026-02-02T14:02:40Z,DEMO-WS-01,REF-05-COOLANT-FLOW,1.35647417047,L/min
2026-02-02T14:02:40Z,DEMO-WS-01,REF-06-FEED-AXIS-ERROR,10.7738902519,µm
2026-02-02T14:02:40Z,DEMO-WS-01,REF-07-COOLANT-TEMPERATURE,104.46425548,°C
2026-02-02T14:02:40.500Z,DEMO-WS-01,REF-03-SPINDLE-VIBRATION,2.09684727163,mm/s
2026-02-02T14:02:41Z,DEMO-WS-01,REF-01-SPINDLE-CURRENT,2.40821074175,A
2026-02-02T14:02:41Z,DEMO-WS-01,REF-02-SPINDLE-SPEED,33752.9684943,RPM
2026-02-02T14:02:41Z,DEMO-WS-01,REF-03-SPINDLE-VIBRATION,2.09676000804,mm/s
2026-02-02T14:02:41Z,DEMO-WS-01,REF-06-FEED-AXIS-ERROR,10.7730334763,µm
2026-02-02T14:02:41.500Z,DEMO-WS-01,REF-03-SPINDLE-VIBRATION,2.09666515211,mm/s
2026-02-02T14:02:42Z,DEMO-WS-01,REF-01-SPINDLE-CURRENT,2.40821074175,A
2026-02-02T14:02:42Z,DEMO-WS-01,REF-02-SPINDLE-SPEED,33752.9684943,RPM
2026-02-02T14:02:42Z,DEMO-WS-01,REF-03-SPINDLE-VIBRATION,2.09656289981,mm/s
2026-02-02T14:02:42Z,DEMO-WS-01,REF-04-COOLANT-PRESSURE,0.465563027931,MPa
2026-02-02T14:02:42Z,DEMO-WS-01,REF-05-COOLANT-FLOW,1.35623879242,L/min
2026-02-02T14:02:42Z,DEMO-WS-01,REF-06-FEED-AXIS-ERROR,10.7720207454,µm
2026-02-02T14:02:42.500Z,DEMO-WS-01,REF-03-SPINDLE-VIBRATION,2.09645346235,mm/s
2026-02-02T14:02:43Z,DEMO-WS-01,REF-01-SPINDLE-CURRENT,2.40821074175,A
2026-02-02T14:02:43Z,DEMO-WS-01,REF-02-SPINDLE-SPEED,33752.9684943,RPM
2026-02-02T14:02:43Z,DEMO-WS-01,REF-03-SPINDLE-VIBRATION,2.09633706581,mm/s
2026-02-02T14:02:43Z,DEMO-WS-01,REF-06-FEED-AXIS-ERROR,10.7708604232,µm
2026-02-02T14:02:43.500Z,DEMO-WS-01,REF-03-SPINDLE-VIBRATION,2.09621395064,mm/s
2026-02-02T14:02:44Z,DEMO-WS-01,REF-01-SPINDLE-CURRENT,2.40821074175,A
2026-02-02T14:02:44Z,DEMO-WS-01,REF-02-SPINDLE-SPEED,33752.9684943,RPM
2026-02-02T14:02:44Z,DEMO-WS-01,REF-03-SPINDLE-VIBRATION,2.09608437117,mm/s
2026-02-02T14:02:44Z,DEMO-WS-01,REF-04-COOLANT-PRESSURE,0.465334404293,MPa
2026-02-02T14:02:44Z,DEMO-WS-01,REF-05-COOLANT-FLOW,1.35592923858,L/min
2026-02-02T14:02:44Z,DEMO-WS-01,REF-06-FEED-AXIS-ERROR,10.7695620926,µm
2026-02-02T14:02:44.500Z,DEMO-WS-01,REF-03-SPINDLE-VIBRATION,2.09594859507,mm/s
2026-02-02T14:02:45Z,DEMO-WS-01,REF-01-SPINDLE-CURRENT,2.40821074175,A
2026-02-02T14:02:45Z,DEMO-WS-01,REF-02-SPINDLE-SPEED,33752.9684943,RPM
2026-02-02T14:02:45Z,DEMO-WS-01,REF-03-SPINDLE-VIBRATION,2.09580690282,mm/s
2026-02-02T14:02:45Z,DEMO-WS-01,REF-06-FEED-AXIS-ERROR,10.768136476,µm
2026-02-02T14:02:45.500Z,DEMO-WS-01,REF-03-SPINDLE-VIBRATION,2.09565958713,mm/s
2026-02-02T14:02:46Z,DEMO-WS-01,REF-01-SPINDLE-CURRENT,2.40821074175,A
2026-02-02T14:02:46Z,DEMO-WS-01,REF-02-SPINDLE-SPEED,33752.9684943,RPM
2026-02-02T14:02:46Z,DEMO-WS-01,REF-03-SPINDLE-VIBRATION,2.09550695232,mm/s
2026-02-02T14:02:46Z,DEMO-WS-01,REF-04-COOLANT-PRESSURE,0.465058534495,MPa
2026-02-02T14:02:46Z,DEMO-WS-01,REF-05-COOLANT-FLOW,1.35555571397,L/min
2026-02-02T14:02:46Z,DEMO-WS-01,REF-06-FEED-AXIS-ERROR,10.7665953474,µm
2026-02-02T14:02:46.500Z,DEMO-WS-01,REF-03-SPINDLE-VIBRATION,2.09534931369,mm/s
2026-02-02T14:02:47Z,DEMO-WS-01,REF-01-SPINDLE-CURRENT,2.40821074175,A
2026-02-02T14:02:47Z,DEMO-WS-01,REF-02-SPINDLE-SPEED,33752.9684943,RPM
2026-02-02T14:02:47Z,DEMO-WS-01,REF-03-SPINDLE-VIBRATION,2.09518699688,mm/s
2026-02-02T14:02:47Z,DEMO-WS-01,REF-06-FEED-AXIS-ERROR,10.7649514346,µm
2026-02-02T14:02:47.500Z,DEMO-WS-01,REF-03-SPINDLE-VIBRATION,2.09502033722,mm/s
2026-02-02T14:02:48Z,DEMO-WS-01,REF-01-SPINDLE-CURRENT,2.40821074175,A
2026-02-02T14:02:48Z,DEMO-WS-01,REF-02-SPINDLE-SPEED,33752.9684943,RPM
2026-02-02T14:02:48Z,DEMO-WS-01,REF-03-SPINDLE-VIBRATION,2.09484967896,mm/s
2026-02-02T14:02:48Z,DEMO-WS-01,REF-04-COOLANT-PRESSURE,0.464744513106,MPa
2026-02-02T14:02:48Z,DEMO-WS-01,REF-05-COOLANT-FLOW,1.35513053253,L/min
2026-02-02T14:02:48Z,DEMO-WS-01,REF-06-FEED-AXIS-ERROR,10.7632183143,µm
2026-02-02T14:02:48.500Z,DEMO-WS-01,REF-03-SPINDLE-VIBRATION,2.09467537465,mm/s
2026-02-02T14:02:49Z,DEMO-WS-01,REF-01-SPINDLE-CURRENT,2.40821074175,A
2026-02-02T14:02:49Z,DEMO-WS-01,REF-02-SPINDLE-SPEED,33752.9684943,RPM
2026-02-02T14:02:49Z,DEMO-WS-01,REF-03-SPINDLE-VIBRATION,2.09449778437,mm/s
2026-02-02T14:02:49Z,DEMO-WS-01,REF-06-FEED-AXIS-ERROR,10.7614103,µm
2026-02-02T14:02:49.500Z,DEMO-WS-01,REF-03-SPINDLE-VIBRATION,2.09431727497,mm/s
2026-02-02T14:02:50Z,DEMO-WS-01,REF-01-SPINDLE-CURRENT,2.40821074175,A
2026-02-02T14:02:50Z,DEMO-WS-01,REF-02-SPINDLE-SPEED,33752.9684943,RPM
2026-02-02T14:02:50Z,DEMO-WS-01,REF-03-SPINDLE-VIBRATION,2.09413421934,mm/s
2026-02-02T14:02:50Z,DEMO-WS-01,REF-04-COOLANT-PRESSURE,0.464402692432,MPa
2026-02-02T14:02:50Z,DEMO-WS-01,REF-05-COOLANT-FLOW,1.35466771117,L/min
2026-02-02T14:02:50Z,DEMO-WS-01,REF-06-FEED-AXIS-ERROR,10.7595423236,µm
2026-02-02T14:02:50Z,DEMO-WS-01,REF-07-COOLANT-TEMPERATURE,104.325137147,°C
2026-02-02T14:02:50.500Z,DEMO-WS-01,REF-03-SPINDLE-VIBRATION,2.09394899563,mm/s
2026-02-02T14:02:51Z,DEMO-WS-01,REF-01-SPINDLE-CURRENT,2.40501935621,A
2026-02-02T14:02:51Z,DEMO-WS-01,REF-02-SPINDLE-SPEED,33673.183856,RPM
2026-02-02T14:02:51Z,DEMO-WS-01,REF-03-SPINDLE-VIBRATION,2.09376198647,mm/s
2026-02-02T14:02:51Z,DEMO-WS-01,REF-06-FEED-AXIS-ERROR,10.7576298123,µm
2026-02-02T14:02:51.500Z,DEMO-WS-01,REF-03-SPINDLE-VIBRATION,2.09357357817,mm/s
2026-02-02T14:02:52Z,DEMO-WS-01,REF-01-SPINDLE-CURRENT,2.40518706266,A
2026-02-02T14:02:52Z,DEMO-WS-01,REF-02-SPINDLE-SPEED,33677.3765173,RPM
2026-02-02T14:02:52Z,DEMO-WS-01,REF-03-SPINDLE-VIBRATION,2.09338415994,mm/s
2026-02-02T14:02:52Z,DEMO-WS-01,REF-04-COOLANT-PRESSURE,0.464044341236,MPa
2026-02-02T14:02:52Z,DEMO-WS-01,REF-05-COOLANT-FLOW,1.35418250767,L/min
2026-02-02T14:02:52Z,DEMO-WS-01,REF-06-FEED-AXIS-ERROR,10.7556885611,µm
2026-02-02T14:02:52.500Z,DEMO-WS-01,REF-03-SPINDLE-VIBRATION,2.09319412307,mm/s
2026-02-02T14:02:53Z,DEMO-WS-01,REF-01-SPINDLE-CURRENT,2.40534495648,A
2026-02-02T14:02:53Z,DEMO-WS-01,REF-02-SPINDLE-SPEED,33681.3238627,RPM
2026-02-02T14:02:53Z,DEMO-WS-01,REF-03-SPINDLE-VIBRATION,2.09300386013,mm/s
2026-02-02T14:02:53Z,DEMO-WS-01,REF-06-FEED-AXIS-ERROR,10.7537346024,µm
2026-02-02T14:02:53.500Z,DEMO-WS-01,REF-03-SPINDLE-VIBRATION,2.09281376417,mm/s
2026-02-02T14:02:54Z,DEMO-WS-01,REF-01-SPINDLE-CURRENT,2.40549210384,A
2026-02-02T14:02:54Z,DEMO-WS-01,REF-02-SPINDLE-SPEED,33685.0025467,RPM
2026-02-02T14:02:54Z,DEMO-WS-01,REF-03-SPINDLE-VIBRATION,2.09262422787,mm/s
2026-02-02T14:02:54Z,DEMO-WS-01,REF-04-COOLANT-PRESSURE,0.463681273238,MPa
2026-02-02T14:02:54Z,DEMO-WS-01,REF-05-COOLANT-FLOW,1.35369091767,L/min
2026-02-02T14:02:54Z,DEMO-WS-01,REF-06-FEED-AXIS-ERROR,10.7517840734,µm
2026-02-02T14:02:54.500Z,DEMO-WS-01,REF-03-SPINDLE-VIBRATION,2.09243564277,mm/s
2026-02-02T14:02:55Z,DEMO-WS-01,REF-01-SPINDLE-CURRENT,2.40562763448,A
2026-02-02T14:02:55Z,DEMO-WS-01,REF-02-SPINDLE-SPEED,33688.3908126,RPM
2026-02-02T14:02:55Z,DEMO-WS-01,REF-03-SPINDLE-VIBRATION,2.09224839844,mm/s
2026-02-02T14:02:55Z,DEMO-WS-01,REF-06-FEED-AXIS-ERROR,10.7498530832,µm
2026-02-02T14:02:55.500Z,DEMO-WS-01,REF-03-SPINDLE-VIBRATION,2.09206288168,mm/s
2026-02-02T14:02:56Z,DEMO-WS-01,REF-01-SPINDLE-CURRENT,2.40575074683,A
2026-02-02T14:02:56Z,DEMO-WS-01,REF-02-SPINDLE-SPEED,33691.4686214,RPM
2026-02-02T14:02:56Z,DEMO-WS-01,REF-03-SPINDLE-VIBRATION,2.09187947573,mm/s
2026-02-02T14:02:56Z,DEMO-WS-01,REF-04-COOLANT-PRESSURE,0.46332545766,MPa
2026-02-02T14:02:56Z,DEMO-WS-01,REF-05-COOLANT-FLOW,1.35320914737,L/min
2026-02-02T14:02:56Z,DEMO-WS-01,REF-06-FEED-AXIS-ERROR,10.7479575793,µm
2026-02-02T14:02:56.500Z,DEMO-WS-01,REF-03-SPINDLE-VIBRATION,2.09169855946,mm/s
2026-02-02T14:02:57Z,DEMO-WS-01,REF-01-SPINDLE-CURRENT,2.40586071278,A
2026-02-02T14:02:57Z,DEMO-WS-01,REF-02-SPINDLE-SPEED,33694.2177702,RPM
2026-02-02T14:02:57Z,DEMO-WS-01,REF-03-SPINDLE-VIBRATION,2.0915205066,mm/s
2026-02-02T14:02:57Z,DEMO-WS-01,REF-06-FEED-AXIS-ERROR,10.7461132164,µm
2026-02-02T14:02:57.500Z,DEMO-WS-01,REF-03-SPINDLE-VIBRATION,2.09134568496,mm/s
2026-02-02T14:02:58Z,DEMO-WS-01,REF-01-SPINDLE-CURRENT,2.40595688197,A
2026-02-02T14:02:58Z,DEMO-WS-01,REF-02-SPINDLE-SPEED,33696.6219999,RPM
2026-02-02T14:02:58Z,DEMO-WS-01,REF-03-SPINDLE-VIBRATION,2.09117445568,mm/s
2026-02-02T14:02:58Z,DEMO-WS-01,REF-04-COOLANT-PRESSURE,0.462988624632,MPa
2026-02-02T14:02:58Z,DEMO-WS-01,REF-05-COOLANT-FLOW,1.35275307923,L/min
2026-02-02T14:02:58Z,DEMO-WS-01,REF-06-FEED-AXIS-ERROR,10.7443352265,µm
2026-02-02T14:02:58.500Z,DEMO-WS-01,REF-03-SPINDLE-VIBRATION,2.09100717248,mm/s
2026-02-02T14:02:59Z,DEMO-WS-01,REF-01-SPINDLE-CURRENT,2.40603868562,A
2026-02-02T14:02:59Z,DEMO-WS-01,REF-02-SPINDLE-SPEED,33698.6670913,RPM
2026-02-02T14:02:59Z,DEMO-WS-01,REF-03-SPINDLE-VIBRATION,2.09084418093,mm/s
2026-02-02T14:02:59Z,DEMO-WS-01,REF-06-FEED-AXIS-ERROR,10.7426382936,µm
2026-02-02T14:02:59.500Z,DEMO-WS-01,REF-03-SPINDLE-VIBRATION,2.09068581773,mm/s
2026-02-02T14:03:00Z,DEMO-WS-01,REF-01-SPINDLE-CURRENT,2.40610563994,A
2026-02-02T14:03:00Z,DEMO-WS-01,REF-02-SPINDLE-SPEED,33700.3409491,RPM
2026-02-02T14:03:00Z,DEMO-WS-01,REF-03-SPINDLE-VIBRATION,2.09053241002,mm/s
2026-02-02T14:03:00Z,DEMO-WS-01,REF-04-COOLANT-PRESSURE,0.462681878488,MPa
2026-02-02T14:03:00Z,DEMO-WS-01,REF-05-COOLANT-FLOW,1.35233774839,L/min
2026-02-02T14:03:00Z,DEMO-WS-01,REF-06-FEED-AXIS-ERROR,10.7410364325,µm
2026-02-02T14:03:00Z,DEMO-WS-01,REF-07-COOLANT-TEMPERATURE,104.14570297,°C
2026-02-02T14:03:00.500Z,DEMO-WS-01,REF-03-SPINDLE-VIBRATION,2.09038427471,mm/s
2026-02-02T14:03:01Z,DEMO-WS-01,REF-01-SPINDLE-CURRENT,2.40615734893,A
2026-02-02T14:03:01Z,DEMO-WS-01,REF-02-SPINDLE-SPEED,33701.6336739,RPM
2026-02-02T14:03:01Z,DEMO-WS-01,REF-03-SPINDLE-VIBRATION,2.09024171779,mm/s
2026-02-02T14:03:01Z,DEMO-WS-01,REF-06-FEED-AXIS-ERROR,10.7395428724,µm
2026-02-02T14:03:01.500Z,DEMO-WS-01,REF-03-SPINDLE-VIBRATION,2.09010503378,mm/s
2026-02-02T14:03:02Z,DEMO-WS-01,REF-01-SPINDLE-CURRENT,2.40619350677,A
2026-02-02T14:03:02Z,DEMO-WS-01,REF-02-SPINDLE-SPEED,33702.53762,RPM
2026-02-02T14:03:02Z,DEMO-WS-01,REF-03-SPINDLE-VIBRATION,2.08997450501,mm/s
2026-02-02T14:03:02Z,DEMO-WS-01,REF-04-COOLANT-PRESSURE,0.462415331694,MPa
2026-02-02T14:03:02Z,DEMO-WS-01,REF-05-COOLANT-FLOW,1.35197684702,L/min
2026-02-02T14:03:02Z,DEMO-WS-01,REF-06-FEED-AXIS-ERROR,10.7381699483,µm
2026-02-02T14:03:02.500Z,DEMO-WS-01,REF-03-SPINDLE-VIBRATION,2.08985040113,mm/s
2026-02-02T14:03:03Z,DEMO-WS-01,REF-01-SPINDLE-CURRENT,2.40621389963,A
2026-02-02T14:03:03Z,DEMO-WS-01,REF-02-SPINDLE-SPEED,33703.0474414,RPM
2026-02-02T14:03:03Z,DEMO-WS-01,REF-03-SPINDLE-VIBRATION,2.08973297852,mm/s
2026-02-02T14:03:03Z,DEMO-WS-01,REF-06-FEED-AXIS-ERROR,10.7369289989,µm
2026-02-02T14:03:03.500Z,DEMO-WS-01,REF-03-SPINDLE-VIBRATION,2.08962247973,mm/s
2026-02-02T14:03:04Z,DEMO-WS-01,REF-01-SPINDLE-CURRENT,2.40621840689,A
2026-02-02T14:03:04Z,DEMO-WS-01,REF-02-SPINDLE-SPEED,33703.1601229,RPM
2026-02-02T14:03:04Z,DEMO-WS-01,REF-03-SPINDLE-VIBRATION,2.08951913303,mm/s
2026-02-02T14:03:04Z,DEMO-WS-01,REF-04-COOLANT-PRESSURE,0.462197771466,MPa
2026-02-02T14:03:04Z,DEMO-WS-01,REF-05-COOLANT-FLOW,1.35168227291,L/min
2026-02-02T14:03:04Z,DEMO-WS-01,REF-06-FEED-AXIS-ERROR,10.735830273,µm
2026-02-02T14:03:04.500Z,DEMO-WS-01,REF-03-SPINDLE-VIBRATION,2.08942315191,mm/s
2026-02-02T14:03:05Z,DEMO-WS-01,REF-01-SPINDLE-CURRENT,2.40620700189,A
2026-02-02T14:03:05Z,DEMO-WS-01,REF-02-SPINDLE-SPEED,33702.874998,RPM
2026-02-02T14:03:05Z,DEMO-WS-01,REF-03-SPINDLE-VIBRATION,2.08933473465,mm/s
2026-02-02T14:03:05Z,DEMO-WS-01,REF-06-FEED-AXIS-ERROR,10.7348828446,µm
2026-02-02T14:03:05.500Z,DEMO-WS-01,REF-03-SPINDLE-VIBRATION,2.08935406388,mm/s
2026-02-02T14:03:06Z,DEMO-WS-01,REF-01-SPINDLE-CURRENT,2.40620375209,A
2026-02-02T14:03:06Z,DEMO-WS-01,REF-02-SPINDLE-SPEED,33702.193753,RPM
2026-02-02T14:03:06Z,DEMO-WS-01,REF-03-SPINDLE-VIBRATION,2.08938130627,mm/s
2026-02-02T14:03:06Z,DEMO-WS-01,REF-04-COOLANT-PRESSURE,0.462036370087,MPa
2026-02-02T14:03:06Z,DEMO-WS-01,REF-05-COOLANT-FLOW,1.35146373726,L/min
2026-02-02T14:03:06Z,DEMO-WS-01,REF-06-FEED-AXIS-ERROR,10.7340945384,µm
2026-02-02T14:03:06.500Z,DEMO-WS-01,REF-03-SPINDLE-VIBRATION,2.08941661211,mm/s
2026-02-02T14:03:07Z,DEMO-WS-01,REF-01-SPINDLE-CURRENT,2.40618481865,A
2026-02-02T14:03:07Z,DEMO-WS-01,REF-02-SPINDLE-SPEED,33701.120417,RPM
2026-02-02T14:03:07Z,DEMO-WS-01,REF-03-SPINDLE-VIBRATION,2.08946011504,mm/s
2026-02-02T14:03:07Z,DEMO-WS-01,REF-06-FEED-AXIS-ERROR,10.7334718647,µm
2026-02-02T14:03:07.500Z,DEMO-WS-01,REF-03-SPINDLE-VIBRATION,2.08951193177,mm/s
2026-02-02T14:03:08Z,DEMO-WS-01,REF-01-SPINDLE-CURRENT,2.40615045549,A
2026-02-02T14:03:08Z,DEMO-WS-01,REF-02-SPINDLE-SPEED,33699.6613379,RPM
2026-02-02T14:03:08Z,DEMO-WS-01,REF-03-SPINDLE-VIBRATION,2.08957216184,mm/s
2026-02-02T14:03:08Z,DEMO-WS-01,REF-04-COOLANT-PRESSURE,0.461936448458,MPa
2026-02-02T14:03:08Z,DEMO-WS-01,REF-05-COOLANT-FLOW,1.35132844449,L/min
2026-02-02T14:03:08Z,DEMO-WS-01,REF-06-FEED-AXIS-ERROR,10.7330199662,µm
2026-02-02T14:03:08.500Z,DEMO-WS-01,REF-03-SPINDLE-VIBRATION,2.0896408874,mm/s
2026-02-02T14:03:09Z,DEMO-WS-01,REF-01-SPINDLE-CURRENT,2.40610100778,A
2026-02-02T14:03:09Z,DEMO-WS-01,REF-02-SPINDLE-SPEED,33697.8251451,RPM
2026-02-02T14:03:09Z,DEMO-WS-01,REF-03-SPINDLE-VIBRATION,2.08971817306,mm/s
2026-02-02T14:03:09Z,DEMO-WS-01,REF-06-FEED-AXIS-ERROR,10.7327425749,µm
2026-02-02T14:03:09.500Z,DEMO-WS-01,REF-03-SPINDLE-VIBRATION,2.08980406573,mm/s
2026-02-02T14:03:10Z,DEMO-WS-01,REF-01-SPINDLE-CURRENT,2.4060369099,A
2026-02-02T14:03:10Z,DEMO-WS-01,REF-02-SPINDLE-SPEED,33695.6226983,RPM
2026-02-02T14:03:10Z,DEMO-WS-01,REF-03-SPINDLE-VIBRATION,2.08989859457,mm/s
2026-02-02T14:03:10Z,DEMO-WS-01,REF-04-COOLANT-PRESSURE,0.461901300682,MPa
2026-02-02T14:03:10Z,DEMO-WS-01,REF-05-COOLANT-FLOW,1.3512808548,L/min
2026-02-02T14:03:10Z,DEMO-WS-01,REF-06-FEED-AXIS-ERROR,10.7326419817,µm
2026-02-02T14:03:10Z,DEMO-WS-01,REF-07-COOLANT-TEMPERATURE,104.064309896,°C
2026-02-02T14:03:10.500Z,DEMO-WS-01,REF-03-SPINDLE-VIBRATION,2.09000177087,mm/s
2026-02-02T14:03:11Z,DEMO-WS-01,REF-01-SPINDLE-CURRENT,2.4059586829,A
2026-02-02T14:03:11Z,DEMO-WS-01,REF-02-SPINDLE-SPEED,33693.0670232,RPM
2026-02-02T14:03:11Z,DEMO-WS-01,REF-03-SPINDLE-VIBRATION,2.09011358807,mm/s
2026-02-02T14:03:11Z,DEMO-WS-01,REF-06-FEED-AXIS-ERROR,10.7327190175,µm
2026-02-02T14:03:11.500Z,DEMO-WS-01,REF-03-SPINDLE-VIBRATION,2.09023402177,mm/s
2026-02-02T14:03:12Z,DEMO-WS-01,REF-01-SPINDLE-CURRENT,2.40586693137,A
2026-02-02T14:03:12Z,DEMO-WS-01,REF-02-SPINDLE-SPEED,33690.1732348,RPM
2026-02-02T14:03:12Z,DEMO-WS-01,REF-03-SPINDLE-VIBRATION,2.09036302974,mm/s
2026-02-02T14:03:12Z,DEMO-WS-01,REF-04-COOLANT-PRESSURE,0.461932085473,MPa
2026-02-02T14:03:12Z,DEMO-WS-01,REF-05-COOLANT-FLOW,1.35132253706,L/min
2026-02-02T14:03:12Z,DEMO-WS-01,REF-06-FEED-AXIS-ERROR,10.732973046,µm
2026-02-02T14:03:12.500Z,DEMO-WS-01,REF-03-SPINDLE-VIBRATION,2.09050055207,mm/s
2026-02-02T14:03:13Z,DEMO-WS-01,REF-01-SPINDLE-CURRENT,2.40576233988,A
2026-02-02T14:03:13Z,DEMO-WS-01,REF-02-SPINDLE-SPEED,33686.9584477,RPM
2026-02-02T14:03:13Z,DEMO-WS-01,REF-03-SPINDLE-VIBRATION,2.09064651125,mm/s
2026-02-02T14:03:13Z,DEMO-WS-01,REF-06-FEED-AXIS-ERROR,10.7334019692,µm
2026-02-02T14:03:13.500Z,DEMO-WS-01,REF-03-SPINDLE-VIBRATION,2.09080081233,mm/s
2026-02-02T14:03:14Z,DEMO-WS-01,REF-01-SPINDLE-CURRENT,2.40564566897,A
2026-02-02T14:03:14Z,DEMO-WS-01,REF-02-SPINDLE-SPEED,33683.4416748,RPM
2026-02-02T14:03:14Z,DEMO-WS-01,REF-03-SPINDLE-VIBRATION,2.09096334313,mm/s
2026-02-02T14:03:14Z,DEMO-WS-01,REF-04-COOLANT-PRESSURE,0.462027787951,MPa
2026-02-02T14:03:14Z,DEMO-WS-01,REF-05-COOLANT-FLOW,1.35145211714,L/min
2026-02-02T14:03:14Z,DEMO-WS-01,REF-06-FEED-AXIS-ERROR,10.7340022448,µm
2026-02-02T14:03:14.500Z,DEMO-WS-01,REF-03-SPINDLE-VIBRATION,2.0911339745,mm/s
2026-02-02T14:03:15Z,DEMO-WS-01,REF-01-SPINDLE-CURRENT,2.40551775058,A
2026-02-02T14:03:15Z,DEMO-WS-01,REF-02-SPINDLE-SPEED,33679.6437152,RPM
2026-02-02T14:03:15Z,DEMO-WS-01,REF-03-SPINDLE-VIBRATION,2.09131256052,mm/s
2026-02-02T14:03:15Z,DEMO-WS-01,REF-06-FEED-AXIS-ERROR,10.7347689152,µm
2026-02-02T14:03:15.500Z,DEMO-WS-01,REF-03-SPINDLE-VIBRATION,2.09149893884,mm/s
2026-02-02T14:03:16Z,DEMO-WS-01,REF-01-SPINDLE-CURRENT,2.40537948321,A
2026-02-02T14:03:16Z,DEMO-WS-01,REF-02-SPINDLE-SPEED,33675.587031,RPM
2026-02-02T14:03:16Z,DEMO-WS-01,REF-03-SPINDLE-VIBRATION,2.09169293104,mm/s
2026-02-02T14:03:16Z,DEMO-WS-01,REF-04-COOLANT-PRESSURE,0.462185253105,MPa
2026-02-02T14:03:16Z,DEMO-WS-01,REF-05-COOLANT-FLOW,1.35166532319,L/min
2026-02-02T14:03:16Z,DEMO-WS-01,REF-06-FEED-AXIS-ERROR,10.7356956487,µm
2026-02-02T14:03:16.500Z,DEMO-WS-01,REF-03-SPINDLE-VIBRATION,2.09189434294,mm/s
2026-02-02T14:03:17Z,DEMO-WS-01,REF-01-SPINDLE-CURRENT,2.40523182655,A
2026-02-02T14:03:17Z,DEMO-WS-01,REF-02-SPINDLE-SPEED,33671.2956143,RPM
2026-02-02T14:03:17Z,DEMO-WS-01,REF-03-SPINDLE-VIBRATION,2.09210296506,mm/s
2026-02-02T14:03:17Z,DEMO-WS-01,REF-06-FEED-AXIS-ERROR,10.7367747915,µm
2026-02-02T14:03:17.500Z,DEMO-WS-01,REF-03-SPINDLE-VIBRATION,2.09231857301,mm/s
2026-02-02T14:03:18Z,DEMO-WS-01,REF-01-SPINDLE-CURRENT,2.4050757958,A
2026-02-02T14:03:18Z,DEMO-WS-01,REF-02-SPINDLE-SPEED,33666.7948458,RPM
2026-02-02T14:03:18Z,DEMO-WS-01,REF-03-SPINDLE-VIBRATION,2.09254092797,mm/s
2026-02-02T14:03:18Z,DEMO-WS-01,REF-04-COOLANT-PRESSURE,0.4623992898,MPa
2026-02-02T14:03:18Z,DEMO-WS-01,REF-05-COOLANT-FLOW,1.35195512648,L/min
2026-02-02T14:03:18Z,DEMO-WS-01,REF-06-FEED-AXIS-ERROR,10.7379974314,µm
2026-02-02T14:03:18.500Z,DEMO-WS-01,REF-03-SPINDLE-VIBRATION,2.09276977717,mm/s
2026-02-02T14:03:19Z,DEMO-WS-01,REF-01-SPINDLE-CURRENT,2.40491245573,A
2026-02-02T14:03:19Z,DEMO-WS-01,REF-02-SPINDLE-SPEED,33662.1113439,RPM
2026-02-02T14:03:19Z,DEMO-WS-01,REF-03-SPINDLE-VIBRATION,2.09300485447,mm/s
2026-02-02T14:03:19Z,DEMO-WS-01,REF-06-FEED-AXIS-ERROR,10.7393534707,µm
2026-02-02T14:03:19.500Z,DEMO-WS-01,REF-03-SPINDLE-VIBRATION,2.0932458808,mm/s
2026-02-02T14:03:20Z,DEMO-WS-01,REF-01-SPINDLE-CURRENT,2.40474291429,A
2026-02-02T14:03:20Z,DEMO-WS-01,REF-02-SPINDLE-SPEED,33657.272808,RPM
2026-02-02T14:03:20Z,DEMO-WS-01,REF-03-SPINDLE-VIBRATION,2.09349256485,mm/s
2026-02-02T14:03:20Z,DEMO-WS-01,REF-04-COOLANT-PRESSURE,0.462662841911,MPa
2026-02-02T14:03:20Z,DEMO-WS-01,REF-05-COOLANT-FLOW,1.35231197308,L/min
2026-02-02T14:03:20Z,DEMO-WS-01,REF-06-FEED-AXIS-ERROR,10.7408317103,µm
2026-02-02T14:03:20Z,DEMO-WS-01,REF-07-COOLANT-TEMPERATURE,104.143717972,°C
2026-02-02T14:03:20.500Z,DEMO-WS-01,REF-03-SPINDLE-VIBRATION,2.09374460361,mm/s
2026-02-02T14:03:21Z,DEMO-WS-01,REF-01-SPINDLE-CURRENT,2.40456831615,A
2026-02-02T14:03:21Z,DEMO-WS-01,REF-02-SPINDLE-SPEED,33652.3078545,RPM
2026-02-02T14:03:21Z,DEMO-WS-01,REF-03-SPINDLE-VIBRATION,2.094001683,mm/s
2026-02-02T14:03:21Z,DEMO-WS-01,REF-06-FEED-AXIS-ERROR,10.7424199417,µm
2026-02-02T14:03:21.500Z,DEMO-WS-01,REF-03-SPINDLE-VIBRATION,2.09426347852,mm/s
2026-02-02T14:03:22Z,DEMO-WS-01,REF-01-SPINDLE-CURRENT,2.40438983587,A
2026-02-02T14:03:22Z,DEMO-WS-01,REF-02-SPINDLE-SPEED,33647.2458473,RPM
2026-02-02T14:03:22Z,DEMO-WS-01,REF-03-SPINDLE-VIBRATION,2.09452965596,mm/s
2026-02-02T14:03:22Z,DEMO-WS-01,REF-04-COOLANT-PRESSURE,0.462967220949,MPa
2026-02-02T14:03:22Z,DEMO-WS-01,REF-05-COOLANT-FLOW,1.35272409888,L/min
2026-02-02T14:03:22Z,DEMO-WS-01,REF-06-FEED-AXIS-ERROR,10.7441050481,µm
2026-02-02T14:03:22.500Z,DEMO-WS-01,REF-03-SPINDLE-VIBRATION,2.09479987202,mm/s
2026-02-02T14:03:23Z,DEMO-WS-01,REF-01-SPINDLE-CURRENT,2.40420867094,A
2026-02-02T14:03:23Z,DEMO-WS-01,REF-02-SPINDLE-SPEED,33642.1167243,RPM
2026-02-02T14:03:23Z,DEMO-WS-01,REF-03-SPINDLE-VIBRATION,2.09507377508,mm/s
2026-02-02T14:03:23Z,DEMO-WS-01,REF-06-FEED-AXIS-ERROR,10.7458731125,µm
2026-02-02T14:03:23.500Z,DEMO-WS-01,REF-03-SPINDLE-VIBRATION,2.0953510059,mm/s
2026-02-02T14:03:24Z,DEMO-WS-01,REF-01-SPINDLE-CURRENT,2.40402603479,A
2026-02-02T14:03:24Z,DEMO-WS-01,REF-02-SPINDLE-SPEED,33636.9508204,RPM
2026-02-02T14:03:24Z,DEMO-WS-01,REF-03-SPINDLE-VIBRATION,2.09563119837,mm/s
2026-02-02T14:03:24Z,DEMO-WS-01,REF-04-COOLANT-PRESSURE,0.463302392484,MPa
2026-02-02T14:03:24Z,DEMO-WS-01,REF-05-COOLANT-FLOW,1.35317791738,L/min
2026-02-02T14:03:24Z,DEMO-WS-01,REF-06-FEED-AXIS-ERROR,10.747709533,µm
2026-02-02T14:03:24.500Z,DEMO-WS-01,REF-03-SPINDLE-VIBRATION,2.09591398024,mm/s
2026-02-02T14:03:25Z,DEMO-WS-01,REF-01-SPINDLE-CURRENT,2.40384314949,A
2026-02-02T14:03:25Z,DEMO-WS-01,REF-02-SPINDLE-SPEED,33631.7786879,RPM
2026-02-02T14:03:25Z,DEMO-WS-01,REF-03-SPINDLE-VIBRATION,2.09619897394,mm/s
2026-02-02T14:03:25Z,DEMO-WS-01,REF-06-FEED-AXIS-ERROR,10.7495991429,µm
2026-02-02T14:03:25.500Z,DEMO-WS-01,REF-03-SPINDLE-VIBRATION,2.0964857973,mm/s
2026-02-02T14:03:26Z,DEMO-WS-01,REF-01-SPINDLE-CURRENT,2.40366123862,A
2026-02-02T14:03:26Z,DEMO-WS-01,REF-02-SPINDLE-SPEED,33626.6309163,RPM
2026-02-02T14:03:26Z,DEMO-WS-01,REF-03-SPINDLE-VIBRATION,2.09677406441,mm/s
2026-02-02T14:03:26Z,DEMO-WS-01,REF-04-COOLANT-PRESSURE,0.463657306957,MPa
2026-02-02T14:03:26Z,DEMO-WS-01,REF-05-COOLANT-FLOW,1.3536584676,L/min
2026-02-02T14:03:26Z,DEMO-WS-01,REF-06-FEED-AXIS-ERROR,10.7515263364,µm
2026-02-02T14:03:26.500Z,DEMO-WS-01,REF-03-SPINDLE-VIBRATION,2.09706338635,mm/s
2026-02-02T14:03:27Z,DEMO-WS-01,REF-01-SPINDLE-CURRENT,2.40348151999,A
2026-02-02T14:03:27Z,DEMO-WS-01,REF-02-SPINDLE-SPEED,33621.5379505,RPM
2026-02-02T14:03:27Z,DEMO-WS-01,REF-03-SPINDLE-VIBRATION,2.09735337201,mm/s
2026-02-02T14:03:27Z,DEMO-WS-01,REF-06-FEED-AXIS-ERROR,10.7534751973,µm
2026-02-02T14:03:27.500Z,DEMO-WS-01,REF-03-SPINDLE-VIBRATION,2.09764362895,mm/s
2026-02-02T14:03:28Z,DEMO-WS-01,REF-01-SPINDLE-CURRENT,2.40330519844,A
2026-02-02T14:03:28Z,DEMO-WS-01,REF-02-SPINDLE-SPEED,33616.5299117,RPM
2026-02-02T14:03:28Z,DEMO-WS-01,REF-03-SPINDLE-VIBRATION,2.09793376412,mm/s
2026-02-02T14:03:28Z,DEMO-WS-01,REF-04-COOLANT-PRESSURE,0.464020263942,MPa
2026-02-02T14:03:28Z,DEMO-WS-01,REF-05-COOLANT-FLOW,1.35414990728,L/min
2026-02-02T14:03:28Z,DEMO-WS-01,REF-06-FEED-AXIS-ERROR,10.7554296302,µm
2026-02-02T14:03:28.500Z,DEMO-WS-01,REF-03-SPINDLE-VIBRATION,2.09822338476,mm/s
2026-02-02T14:03:29Z,DEMO-WS-01,REF-01-SPINDLE-CURRENT,2.40313345872,A
2026-02-02T14:03:29Z,DEMO-WS-01,REF-02-SPINDLE-SPEED,33611.6364186,RPM
2026-02-02T14:03:29Z,DEMO-WS-01,REF-03-SPINDLE-VIBRATION,2.09851209916,mm/s
2026-02-02T14:03:29Z,DEMO-WS-01,REF-06-FEED-AXIS-ERROR,10.7573734941,µm
2026-02-02T14:03:29.500Z,DEMO-WS-01,REF-03-SPINDLE-VIBRATION,2.09879951748,mm/s
2026-02-02T14:03:30Z,DEMO-WS-01,REF-01-SPINDLE-CURRENT,2.40296745847,A
2026-02-02T14:03:30Z,DEMO-WS-01,REF-02-SPINDLE-SPEED,33606.8864125,RPM
2026-02-02T14:03:30Z,DEMO-WS-01,REF-03-SPINDLE-VIBRATION,2.09908525256,mm/s
2026-02-02T14:03:30Z,DEMO-WS-01,REF-04-COOLANT-PRESSURE,0.46437929788,MPa
2026-02-02T14:03:30Z,DEMO-WS-01,REF-05-COOLANT-FLOW,1.35463603521,L/min
2026-02-02T14:03:30Z,DEMO-WS-01,REF-06-FEED-AXIS-ERROR,10.759290735,µm
2026-02-02T14:03:30Z,DEMO-WS-01,REF-07-COOLANT-TEMPERATURE,104.32269773,°C
2026-02-02T14:03:30.500Z,DEMO-WS-01,REF-03-SPINDLE-VIBRATION,2.09936892071,mm/s
2026-02-02T14:03:31Z,DEMO-WS-01,REF-01-SPINDLE-CURRENT,2.40280832142,A
2026-02-02T14:03:31Z,DEMO-WS-01,REF-02-SPINDLE-SPEED,33602.3079861,RPM
2026-02-02T14:03:31Z,DEMO-WS-01,REF-03-SPINDLE-VIBRATION,2.09965014252,mm/s
2026-02-02T14:03:31Z,DEMO-WS-01,REF-06-FEED-AXIS-ERROR,10.7611655188,µm
2026-02-02T14:03:31.500Z,DEMO-WS-01,REF-03-SPINDLE-VIBRATION,2.09992854362,mm/s
2026-02-02T14:03:32Z,DEMO-WS-01,REF-01-SPINDLE-CURRENT,2.40265713067,A
2026-02-02T14:03:32Z,DEMO-WS-01,REF-02-SPINDLE-SPEED,33597.9282174,RPM
2026-02-02T14:03:32Z,DEMO-WS-01,REF-03-SPINDLE-VIBRATION,2.10020375549,mm/s
2026-02-02T14:03:32Z,DEMO-WS-01,REF-04-COOLANT-PRESSURE,0.46472257254,MPa
2026-02-02T14:03:32Z,DEMO-WS-01,REF-05-COOLANT-FLOW,1.35510082525,L/min
2026-02-02T14:03:32Z,DEMO-WS-01,REF-06-FEED-AXIS-ERROR,10.7629823622,µm
2026-02-02T14:03:32.500Z,DEMO-WS-01,REF-03-SPINDLE-VIBRATION,2.10047541618,mm/s
2026-02-02T14:03:33Z,DEMO-WS-01,REF-01-SPINDLE-CURRENT,2.40251492234,A
2026-02-02T14:03:33Z,DEMO-WS-01,REF-02-SPINDLE-SPEED,33593.7730093,RPM
2026-02-02T14:03:33Z,DEMO-WS-01,REF-03-SPINDLE-VIBRATION,2.10074317108,mm/s
2026-02-02T14:03:33Z,DEMO-WS-01,REF-06-FEED-AXIS-ERROR,10.7647262601,µm
2026-02-02T14:03:33.500Z,DEMO-WS-01,REF-03-SPINDLE-VIBRATION,2.10100667365,mm/s
2026-02-02T14:03:34Z,DEMO-WS-01,REF-01-SPINDLE-CURRENT,2.40238267944,A
2026-02-02T14:03:34Z,DEMO-WS-01,REF-02-SPINDLE-SPEED,33589.8669367,RPM
2026-02-02T14:03:34Z,DEMO-WS-01,REF-03-SPINDLE-VIBRATION,2.10126558613,mm/s
2026-02-02T14:03:34Z,DEMO-WS-01,REF-04-COOLANT-PRESSURE,0.465038771227,MPa
2026-02-02T14:03:34Z,DEMO-WS-01,REF-05-COOLANT-FLOW,1.35552895472,L/min
2026-02-02T14:03:34Z,DEMO-WS-01,REF-06-FEED-AXIS-ERROR,10.7663828103,µm
2026-02-02T14:03:34.500Z,DEMO-WS-01,REF-03-SPINDLE-VIBRATION,2.10151958024,mm/s
2026-02-02T14:03:35Z,DEMO-WS-01,REF-01-SPINDLE-CURRENT,2.40226132602,A
2026-02-02T14:03:35Z,DEMO-WS-01,REF-02-SPINDLE-SPEED,33586.2331011,RPM
2026-02-02T14:03:35Z,DEMO-WS-01,REF-03-SPINDLE-VIBRATION,2.10176833787,mm/s
2026-02-02T14:03:35Z,DEMO-WS-01,REF-06-FEED-AXIS-ERROR,10.7679383315,µm
2026-02-02T14:03:35.500Z,DEMO-WS-01,REF-03-SPINDLE-VIBRATION,2.10201155173,mm/s
2026-02-02T14:03:36Z,DEMO-WS-01,REF-01-SPINDLE-CURRENT,2.40215172173,A
2026-02-02T14:03:36Z,DEMO-WS-01,REF-02-SPINDLE-SPEED,33582.892994,RPM
2026-02-02T14:03:36Z,DEMO-WS-01,REF-03-SPINDLE-VIBRATION,2.10224892596,mm/s
2026-02-02T14:03:36Z,DEMO-WS-01,REF-04-COOLANT-PRESSURE,0.465317469857,MPa
2026-02-02T14:03:36Z,DEMO-WS-01,REF-05-COOLANT-FLOW,1.35590630954,L/min
2026-02-02T14:03:36Z,DEMO-WS-01,REF-06-FEED-AXIS-ERROR,10.7693799771,µm
2026-02-02T14:03:36.500Z,DEMO-WS-01,REF-03-SPINDLE-VIBRATION,2.10248017679,mm/s
2026-02-02T14:03:37Z,DEMO-WS-01,REF-01-SPINDLE-CURRENT,2.40205465675,A
2026-02-02T14:03:37Z,DEMO-WS-01,REF-02-SPINDLE-SPEED,33579.8663694,RPM
2026-02-02T14:03:37Z,DEMO-WS-01,REF-03-SPINDLE-VIBRATION,2.10270503308,mm/s
2026-02-02T14:03:37Z,DEMO-WS-01,REF-06-FEED-AXIS-ERROR,10.7706958409,µm
2026-02-02T14:03:37.500Z,DEMO-WS-01,REF-03-SPINDLE-VIBRATION,2.10292323691,mm/s
2026-02-02T14:03:38Z,DEMO-WS-01,REF-01-SPINDLE-CURRENT,2.40197084708,A
2026-02-02T14:03:38Z,DEMO-WS-01,REF-02-SPINDLE-SPEED,33577.1711277,RPM
2026-02-02T14:03:38Z,DEMO-WS-01,REF-03-SPINDLE-VIBRATION,2.1031345441,mm/s
2026-02-02T14:03:38Z,DEMO-WS-01,REF-04-COOLANT-PRESSURE,0.465549480603,MPa
2026-02-02T14:03:38Z,DEMO-WS-01,REF-05-COOLANT-FLOW,1.35622044949,L/min
2026-02-02T14:03:38Z,DEMO-WS-01,REF-06-FEED-AXIS-ERROR,10.7718750554,µm
2026-02-02T14:03:38.500Z,DEMO-WS-01,REF-03-SPINDLE-VIBRATION,2.10333872471,mm/s
2026-02-02T14:03:39Z,DEMO-WS-01,REF-01-SPINDLE-CURRENT,2.40190093033,A
2026-02-02T14:03:39Z,DEMO-WS-01,REF-02-SPINDLE-SPEED,33574.823209,RPM
2026-02-02T14:03:39Z,DEMO-WS-01,REF-03-SPINDLE-VIBRATION,2.10353556354,mm/s
2026-02-02T14:03:39Z,DEMO-WS-01,REF-06-FEED-AXIS-ERROR,10.7729078819,µm
2026-02-02T14:03:39.500Z,DEMO-WS-01,REF-03-SPINDLE-VIBRATION,2.10372486053,mm/s
2026-02-02T14:03:40Z,DEMO-WS-01,REF-01-SPINDLE-CURRENT,2.40184546196,A
2026-02-02T14:03:40Z,DEMO-WS-01,REF-02-SPINDLE-SPEED,33572.8364996,RPM
2026-02-02T14:03:40Z,DEMO-WS-01,REF-03-SPINDLE-VIBRATION,2.10390643123,mm/s
2026-02-02T14:03:40Z,DEMO-WS-01,REF-04-COOLANT-PRESSURE,0.465727154795,MPa
2026-02-02T14:03:40Z,DEMO-WS-01,REF-05-COOLANT-FLOW,1.35646101835,L/min
2026-02-02T14:03:40Z,DEMO-WS-01,REF-06-FEED-AXIS-ERROR,10.7737857903,µm
2026-02-02T14:03:40Z,DEMO-WS-01,REF-07-COOLANT-TEMPERATURE,104.463242615,°C
2026-02-02T14:03:40.500Z,DEMO-WS-01,REF-03-SPINDLE-VIBRATION,2.10408010712,mm/s
2026-02-02T14:03:41Z,DEMO-WS-01,REF-01-SPINDLE-CURRENT,2.40180491195,A
2026-02-02T14:03:41Z,DEMO-WS-01,REF-02-SPINDLE-SPEED,33571.2227494,RPM
2026-02-02T14:03:41Z,DEMO-WS-01,REF-03-SPINDLE-VIBRATION,2.10424573601,mm/s
2026-02-02T14:03:41Z,DEMO-WS-01,REF-06-FEED-AXIS-ERROR,10.7745015303,µm
2026-02-02T14:03:41.500Z,DEMO-WS-01,REF-03-SPINDLE-VIBRATION,2.10440318232,mm/s
2026-02-02T14:03:42Z,DEMO-WS-01,REF-01-SPINDLE-CURRENT,2.40177966207,A
2026-02-02T14:03:42Z,DEMO-WS-01,REF-02-SPINDLE-SPEED,33569.9915024,RPM
2026-02-02T14:03:42Z,DEMO-WS-01,REF-03-SPINDLE-VIBRATION,2.10455232739,mm/s
2026-02-02T14:03:42Z,DEMO-WS-01,REF-04-COOLANT-PRESSURE,0.465844635068,MPa
2026-02-02T14:03:42Z,DEMO-WS-01,REF-05-COOLANT-FLOW,1.35662008532,L/min
2026-02-02T14:03:42Z,DEMO-WS-01,REF-06-FEED-AXIS-ERROR,10.7750491908,µm
2026-02-02T14:03:42.500Z,DEMO-WS-01,REF-03-SPINDLE-VIBRATION,2.10469306969,mm/s
2026-02-02T14:03:43Z,DEMO-WS-01,REF-01-SPINDLE-CURRENT,2.40177000359,A
2026-02-02T14:03:43Z,DEMO-WS-01,REF-02-SPINDLE-SPEED,33569.1500405,RPM
2026-02-02T14:03:43Z,DEMO-WS-01,REF-03-SPINDLE-VIBRATION,2.10482532506,mm/s
2026-02-02T14:03:43Z,DEMO-WS-01,REF-06-FEED-AXIS-ERROR,10.7754242487,µm
2026-02-02T14:03:43.500Z,DEMO-WS-01,REF-03-SPINDLE-VIBRATION,2.10494902687,mm/s
2026-02-02T14:03:44Z,DEMO-WS-01,REF-01-SPINDLE-CURRENT,2.40177613559,A
2026-02-02T14:03:44Z,DEMO-WS-01,REF-02-SPINDLE-SPEED,33568.7033405,RPM
2026-02-02T14:03:44Z,DEMO-WS-01,REF-03-SPINDLE-VIBRATION,2.10506412615,mm/s
2026-02-02T14:03:44Z,DEMO-WS-01,REF-04-COOLANT-PRESSURE,0.465898048464,MPa
2026-02-02T14:03:44Z,DEMO-WS-01,REF-05-COOLANT-FLOW,1.35669240646,L/min
2026-02-02T14:03:44Z,DEMO-WS-01,REF-06-FEED-AXIS-ERROR,10.7756236065,µm
2026-02-02T14:03:44.500Z,DEMO-WS-01,REF-03-SPINDLE-VIBRATION,2.10517059172,mm/s
2026-02-02T14:03:45Z,DEMO-WS-01,REF-01-SPINDLE-CURRENT,2.40179816374,A
2026-02-02T14:03:45Z,DEMO-WS-01,REF-02-SPINDLE-SPEED,33568.654044,RPM
2026-02-02T14:03:45Z,DEMO-WS-01,REF-03-SPINDLE-VIBRATION,2.10526841021,mm/s
2026-02-02T14:03:45Z,DEMO-WS-01,REF-06-FEED-AXIS-ERROR,10.7756456177,µm
2026-02-02T14:03:45.500Z,DEMO-WS-01,REF-03-SPINDLE-VIBRATION,2.10535758614,mm/s
2026-02-02T14:03:46Z,DEMO-WS-01,REF-01-SPINDLE-CURRENT,2.40183609969,A
2026-02-02T14:03:46Z,DEMO-WS-01,REF-02-SPINDLE-SPEED,33569.0024428,RPM
2026-02-02T14:03:46Z,DEMO-WS-01,REF-03-SPINDLE-VIBRATION,2.10543814186,mm/s
2026-02-02T14:03:46Z,DEMO-WS-01,REF-04-COOLANT-PRESSURE,0.465885634109,MPa
2026-02-02T14:03:46Z,DEMO-WS-01,REF-05-COOLANT-FLOW,1.35667559757,L/min
2026-02-02T14:03:46Z,DEMO-WS-01,REF-06-FEED-AXIS-ERROR,10.7754901006,µm
2026-02-02T14:03:46.500Z,DEMO-WS-01,REF-03-SPINDLE-VIBRATION,2.10551011754,mm/s
2026-02-02T14:03:47Z,DEMO-WS-01,REF-01-SPINDLE-CURRENT,2.40188986103,A
2026-02-02T14:03:47Z,DEMO-WS-01,REF-02-SPINDLE-SPEED,33569.7464763,RPM
2026-02-02T14:03:47Z,DEMO-WS-01,REF-03-SPINDLE-VIBRATION,2.10557357107,mm/s
2026-02-02T14:03:47Z,DEMO-WS-01,REF-06-FEED-AXIS-ERROR,10.7751583396,µm
2026-02-02T14:03:47.500Z,DEMO-WS-01,REF-03-SPINDLE-VIBRATION,2.10562857795,mm/s
2026-02-02T14:03:48Z,DEMO-WS-01,REF-01-SPINDLE-CURRENT,2.40195927174,A
2026-02-02T14:03:48Z,DEMO-WS-01,REF-02-SPINDLE-SPEED,33570.8817441,RPM
2026-02-02T14:03:48Z,DEMO-WS-01,REF-03-SPINDLE-VIBRATION,2.10567523113,mm/s
2026-02-02T14:03:48Z,DEMO-WS-01,REF-04-COOLANT-PRESSURE,0.465807801268,MPa
2026-02-02T14:03:48Z,DEMO-WS-01,REF-05-COOLANT-FLOW,1.35657021277,L/min
2026-02-02T14:03:48Z,DEMO-WS-01,REF-06-FEED-AXIS-ERROR,10.7746530746,µm
2026-02-02T14:03:48.500Z,DEMO-WS-01,REF-03-SPINDLE-VIBRATION,2.1057136408,mm/s
2026-02-02T14:03:49Z,DEMO-WS-01,REF-01-SPINDLE-CURRENT,2.40204406325,A
2026-02-02T14:03:49Z,DEMO-WS-01,REF-02-SPINDLE-SPEED,33572.4015319,RPM
2026-02-02T14:03:49Z,DEMO-WS-01,REF-03-SPINDLE-VIBRATION,2.10574393419,mm/s
2026-02-02T14:03:49Z,DEMO-WS-01,REF-06-FEED-AXIS-ERROR,10.7739784784,µm
2026-02-02T14:03:49.500Z,DEMO-WS-01,REF-03-SPINDLE-VIBRATION,2.10576625531,mm/s
2026-02-02T14:03:50Z,DEMO-WS-01,REF-01-SPINDLE-CURRENT,2.40214387603,A
2026-02-02T14:03:50Z,DEMO-WS-01,REF-02-SPINDLE-SPEED,33574.2968513,RPM
2026-02-02T14:03:50Z,DEMO-WS-01,REF-03-SPINDLE-VIBRATION,2.10578076462,mm/s
2026-02-02T14:03:50Z,DEMO-WS-01,REF-04-COOLANT-PRESSURE,0.465667115844,MPa
2026-02-02T14:03:50Z,DEMO-WS-01,REF-05-COOLANT-FLOW,1.35637972629,L/min
2026-02-02T14:03:50Z,DEMO-WS-01,REF-06-FEED-AXIS-ERROR,10.7731401225,µm
2026-02-02T14:03:50Z,DEMO-WS-01,REF-07-COOLANT-TEMPERATURE,104.456982182,°C
2026-02-02T14:03:50.500Z,DEMO-WS-01,REF-03-SPINDLE-VIBRATION,2.10578763872,mm/s
2026-02-02T14:03:51Z,DEMO-WS-01,REF-01-SPINDLE-CURRENT,2.4022582617,A
2026-02-02T14:03:51Z,DEMO-WS-01,REF-02-SPINDLE-SPEED,33576.5564931,RPM
2026-02-02T14:03:51Z,DEMO-WS-01,REF-03-SPINDLE-VIBRATION,2.10578706999,mm/s
2026-02-02T14:03:51Z,DEMO-WS-01,REF-06-FEED-AXIS-ERROR,10.7721449305,µm
2026-02-02T14:03:51.500Z,DEMO-WS-01,REF-03-SPINDLE-VIBRATION,2.10577926618,mm/s
2026-02-02T14:03:52Z,DEMO-WS-01,REF-01-SPINDLE-CURRENT,2.40238668569,A
2026-02-02T14:03:52Z,DEMO-WS-01,REF-02-SPINDLE-SPEED,33579.167093,RPM
2026-02-02T14:03:52Z,DEMO-WS-01,REF-03-SPINDLE-VIBRATION,2.10576444998,mm/s
2026-02-02T14:03:52Z,DEMO-WS-01,REF-04-COOLANT-PRESSURE,0.465468215799,MPa
2026-02-02T14:03:52Z,DEMO-WS-01,REF-05-COOLANT-FLOW,1.35611041786,L/min
2026-02-02T14:03:52Z,DEMO-WS-01,REF-06-FEED-AXIS-ERROR,10.7710011216,µm
2026-02-02T14:03:52.500Z,DEMO-WS-01,REF-03-SPINDLE-VIBRATION,2.10574285858,mm/s
2026-02-02T14:03:53Z,DEMO-WS-01,REF-01-SPINDLE-CURRENT,2.40252853043,A
2026-02-02T14:03:53Z,DEMO-WS-01,REF-02-SPINDLE-SPEED,33582.1132115,RPM
2026-02-02T14:03:53Z,DEMO-WS-01,REF-03-SPINDLE-VIBRATION,2.10571474316,mm/s
2026-02-02T14:03:53Z,DEMO-WS-01,REF-06-FEED-AXIS-ERROR,10.7697181421,µm
2026-02-02T14:03:53.500Z,DEMO-WS-01,REF-03-SPINDLE-VIBRATION,2.10568036838,mm/s
2026-02-02T14:03:54Z,DEMO-WS-01,REF-01-SPINDLE-CURRENT,2.40268309895,A
2026-02-02T14:03:54Z,DEMO-WS-01,REF-02-SPINDLE-SPEED,33585.3774243,RPM
2026-02-02T14:03:54Z,DEMO-WS-01,REF-03-SPINDLE-VIBRATION,2.10564001181,mm/s
2026-02-02T14:03:54Z,DEMO-WS-01,REF-04-COOLANT-PRESSURE,0.465217658247,MPa
2026-02-02T14:03:54Z,DEMO-WS-01,REF-05-COOLANT-FLOW,1.35577116574,L/min
2026-02-02T14:03:54Z,DEMO-WS-01,REF-06-FEED-AXIS-ERROR,10.7683065881,µm
2026-02-02T14:03:54.500Z,DEMO-WS-01,REF-03-SPINDLE-VIBRATION,2.1055939634,mm/s
2026-02-02T14:03:55Z,DEMO-WS-01,REF-01-SPINDLE-CURRENT,2.40284961902,A
2026-02-02T14:03:55Z,DEMO-WS-01,REF-02-SPINDLE-SPEED,33588.9404262,RPM
2026-02-02T14:03:55Z,DEMO-WS-01,REF-03-SPINDLE-VIBRATION,2.10554252486,mm/s
2026-02-02T14:03:55Z,DEMO-WS-01,REF-06-FEED-AXIS-ERROR,10.7667781171,µm
2026-02-02T14:03:55.500Z,DEMO-WS-01,REF-03-SPINDLE-VIBRATION,2.10538600901,mm/s
2026-02-02T14:03:56Z,DEMO-WS-01,REF-01-SPINDLE-CURRENT,2.40300324776,A
2026-02-02T14:03:56Z,DEMO-WS-01,REF-02-SPINDLE-SPEED,33592.7811448,RPM
2026-02-02T14:03:56Z,DEMO-WS-01,REF-03-SPINDLE-VIBRATION,2.10522473919,mm/s
2026-02-02T14:03:56Z,DEMO-WS-01,REF-04-COOLANT-PRESSURE,0.464923703289,MPa
2026-02-02T14:03:56Z,DEMO-WS-01,REF-05-COOLANT-FLOW,1.35537315402,L/min
2026-02-02T14:03:56Z,DEMO-WS-01,REF-06-FEED-AXIS-ERROR,10.7651453524,µm
2026-02-02T14:03:56.500Z,DEMO-WS-01,REF-03-SPINDLE-VIBRATION,2.10505904853,mm/s
2026-02-02T14:03:57Z,DEMO-WS-01,REF-01-SPINDLE-CURRENT,2.40316707657,A
2026-02-02T14:03:57Z,DEMO-WS-01,REF-02-SPINDLE-SPEED,33596.876865,RPM
2026-02-02T14:03:57Z,DEMO-WS-01,REF-03-SPINDLE-VIBRATION,2.10488927932,mm/s
2026-02-02T14:03:57Z,DEMO-WS-01,REF-06-FEED-AXIS-ERROR,10.7634217787,µm
2026-02-02T14:03:57.500Z,DEMO-WS-01,REF-03-SPINDLE-VIBRATION,2.10471578225,mm/s
2026-02-02T14:03:58Z,DEMO-WS-01,REF-01-SPINDLE-CURRENT,2.40334013653,A
2026-02-02T14:03:58Z,DEMO-WS-01,REF-02-SPINDLE-SPEED,33601.2033638,RPM
2026-02-02T14:03:58Z,DEMO-WS-01,REF-03-SPINDLE-VIBRATION,2.10453891574,mm/s
2026-02-02T14:03:58Z,DEMO-WS-01,REF-04-COOLANT-PRESSURE,0.464596041705,MPa
2026-02-02T14:03:58Z,DEMO-WS-01,REF-05-COOLANT-FLOW,1.35492950391,L/min
2026-02-02T14:03:58Z,DEMO-WS-01,REF-06-FEED-AXIS-ERROR,10.7616216306,µm
2026-02-02T14:03:58.500Z,DEMO-WS-01,REF-03-SPINDLE-VIBRATION,2.10435904514,mm/s
2026-02-02T14:03:59Z,DEMO-WS-01,REF-01-SPINDLE-CURRENT,2.4035214041,A
2026-02-02T14:03:59Z,DEMO-WS-01,REF-02-SPINDLE-SPEED,33605.7350533,RPM
2026-02-02T14:03:59Z,DEMO-WS-01,REF-03-SPINDLE-VIBRATION,2.10417654202,mm/s
2026-02-02T14:03:59Z,DEMO-WS-01,REF-06-FEED-AXIS-ERROR,10.7597597751,µm
2026-02-02T14:03:59.500Z,DEMO-WS-01,REF-03-SPINDLE-VIBRATION,2.1039917834,mm/s
2026-02-02T14:04:00Z,DEMO-WS-01,REF-01-SPINDLE-CURRENT,2.40370980725,A
2026-02-02T14:04:00Z,DEMO-WS-01,REF-02-SPINDLE-SPEED,33610.4451318,RPM
2026-02-02T14:04:00Z,DEMO-WS-01,REF-03-SPINDLE-VIBRATION,2.10380515093,mm/s
2026-02-02T14:04:00Z,DEMO-WS-01,REF-04-COOLANT-PRESSURE,0.464245475475,MPa
2026-02-02T14:04:00Z,DEMO-WS-01,REF-05-COOLANT-FLOW,1.35445484117,L/min
2026-02-02T14:04:00Z,DEMO-WS-01,REF-06-FEED-AXIS-ERROR,10.7578515888,µm
2026-02-02T14:04:00Z,DEMO-WS-01,REF-07-COOLANT-TEMPERATURE,104.308743687,°C
2026-02-02T14:04:00.500Z,DEMO-WS-01,REF-03-SPINDLE-VIBRATION,2.10361703016,mm/s
2026-02-02T14:04:01Z,DEMO-WS-01,REF-01-SPINDLE-CURRENT,2.40390423169,A
2026-02-02T14:04:01Z,DEMO-WS-01,REF-02-SPINDLE-SPEED,33615.305743,RPM
2026-02-02T14:04:01Z,DEMO-WS-01,REF-03-SPINDLE-VIBRATION,2.1034278097,mm/s
2026-02-02T14:04:01Z,DEMO-WS-01,REF-06-FEED-AXIS-ERROR,10.7559128311,µm
2026-02-02T14:04:01.500Z,DEMO-WS-01,REF-03-SPINDLE-VIBRATION,2.10323788043,mm/s
2026-02-02T14:04:02Z,DEMO-WS-01,REF-01-SPINDLE-CURRENT,2.40410352757,A
2026-02-02T14:04:02Z,DEMO-WS-01,REF-02-SPINDLE-SPEED,33620.2881399,RPM
2026-02-02T14:04:02Z,DEMO-WS-01,REF-03-SPINDLE-VIBRATION,2.1030476347,mm/s
2026-02-02T14:04:02Z,DEMO-WS-01,REF-04-COOLANT-PRESSURE,0.463883561675,MPa
2026-02-02T14:04:02Z,DEMO-WS-01,REF-05-COOLANT-FLOW,1.35396481395,L/min
2026-02-02T14:04:02Z,DEMO-WS-01,REF-06-FEED-AXIS-ERROR,10.7539595136,µm
2026-02-02T14:04:02.500Z,DEMO-WS-01,REF-03-SPINDLE-VIBRATION,2.10285746551,mm/s
2026-02-02T14:04:03Z,DEMO-WS-01,REF-01-SPINDLE-CURRENT,2.40430651619,A
2026-02-02T14:04:03Z,DEMO-WS-01,REF-02-SPINDLE-SPEED,33625.3628554,RPM
2026-02-02T14:04:03Z,DEMO-WS-01,REF-03-SPINDLE-VIBRATION,2.10266776571,mm/s
2026-02-02T14:04:03Z,DEMO-WS-01,REF-06-FEED-AXIS-ERROR,10.7520077684,µm
2026-02-02T14:04:03.500Z,DEMO-WS-01,REF-03-SPINDLE-VIBRATION,2.10247892717,mm/s
2026-02-02T14:04:04Z,DEMO-WS-01,REF-01-SPINDLE-CURRENT,2.40451199703,A
2026-02-02T14:04:04Z,DEMO-WS-01,REF-02-SPINDLE-SPEED,33630.4998764,RPM
2026-02-02T14:04:04Z,DEMO-WS-01,REF-03-SPINDLE-VIBRATION,2.10229133999,mm/s
2026-02-02T14:04:04Z,DEMO-WS-01,REF-04-COOLANT-PRESSURE,0.463522231475,MPa
2026-02-02T14:04:04Z,DEMO-WS-01,REF-05-COOLANT-FLOW,1.35347557691,L/min
2026-02-02T14:04:04Z,DEMO-WS-01,REF-06-FEED-AXIS-ERROR,10.7500737144,µm
2026-02-02T14:04:04.500Z,DEMO-WS-01,REF-03-SPINDLE-VIBRATION,2.10210539167,mm/s
2026-02-02T14:04:05Z,DEMO-WS-01,REF-01-SPINDLE-CURRENT,2.40471875483,A
2026-02-02T14:04:05Z,DEMO-WS-01,REF-02-SPINDLE-SPEED,33635.6688214,RPM
2026-02-02T14:04:05Z,DEMO-WS-01,REF-03-SPINDLE-VIBRATION,2.10192146635,mm/s
2026-02-02T14:04:05Z,DEMO-WS-01,REF-06-FEED-AXIS-ERROR,10.7481733247,µm
2026-02-02T14:04:05.500Z,DEMO-WS-01,REF-03-SPINDLE-VIBRATION,2.10173994396,mm/s
2026-02-02T14:04:06Z,DEMO-WS-01,REF-01-SPINDLE-CURRENT,2.40492556677,A
2026-02-02T14:04:06Z,DEMO-WS-01,REF-02-SPINDLE-SPEED,33640.83912,RPM
2026-02-02T14:04:06Z,DEMO-WS-01,REF-03-SPINDLE-VIBRATION,2.10156119949,mm/s
2026-02-02T14:04:06Z,DEMO-WS-01,REF-04-COOLANT-PRESSURE,0.463173396806,MPa
2026-02-02T14:04:06Z,DEMO-WS-01,REF-05-COOLANT-FLOW,1.35300325868,L/min
2026-02-02T14:04:06Z,DEMO-WS-01,REF-06-FEED-AXIS-ERROR,10.7463222941,µm
2026-02-02T14:04:06.500Z,DEMO-WS-01,REF-03-SPINDLE-VIBRATION,2.10138560218,mm/s
2026-02-02T14:04:07Z,DEMO-WS-01,REF-01-SPINDLE-CURRENT,2.40513120972,A
2026-02-02T14:04:07Z,DEMO-WS-01,REF-02-SPINDLE-SPEED,33645.9801937,RPM
2026-02-02T14:04:07Z,DEMO-WS-01,REF-03-SPINDLE-VIBRATION,2.10121351477,mm/s
2026-02-02T14:04:07Z,DEMO-WS-01,REF-06-FEED-AXIS-ERROR,10.7445359099,µm
2026-02-02T14:04:07.500Z,DEMO-WS-01,REF-03-SPINDLE-VIBRATION,2.10104529275,mm/s
2026-02-02T14:04:08Z,DEMO-WS-01,REF-01-SPINDLE-CURRENT,2.40533446745,A
2026-02-02T14:04:08Z,DEMO-WS-01,REF-02-SPINDLE-SPEED,33651.061637,RPM
2026-02-02T14:04:08Z,DEMO-WS-01,REF-03-SPINDLE-VIBRATION,2.10088128364,mm/s
2026-02-02T14:04:08Z,DEMO-WS-01,REF-04-COOLANT-PRESSURE,0.462848557659,MPa
2026-02-02T14:04:08Z,DEMO-WS-01,REF-05-COOLANT-FLOW,1.35256343012,L/min
2026-02-02T14:04:08Z,DEMO-WS-01,REF-06-FEED-AXIS-ERROR,10.7428289253,µm
2026-02-02T14:04:08.500Z,DEMO-WS-01,REF-03-SPINDLE-VIBRATION,2.10072182623,mm/s
2026-02-02T14:04:09Z,DEMO-WS-01,REF-01-SPINDLE-CURRENT,2.40553413785,A
2026-02-02T14:04:09Z,DEMO-WS-01,REF-02-SPINDLE-SPEED,33656.053397,RPM
2026-02-02T14:04:09Z,DEMO-WS-01,REF-03-SPINDLE-VIBRATION,2.10056724993,mm/s
2026-02-02T14:04:09Z,DEMO-WS-01,REF-06-FEED-AXIS-ERROR,10.7412154379,µm
2026-02-02T14:04:09.500Z,DEMO-WS-01,REF-03-SPINDLE-VIBRATION,2.10041787405,mm/s
2026-02-02T14:04:10Z,DEMO-WS-01,REF-01-SPINDLE-CURRENT,2.40572904002,A
2026-02-02T14:04:10Z,DEMO-WS-01,REF-02-SPINDLE-SPEED,33660.9259512,RPM
2026-02-02T14:04:10Z,DEMO-WS-01,REF-03-SPINDLE-VIBRATION,2.10027400716,mm/s
2026-02-02T14:04:10Z,DEMO-WS-01,REF-04-COOLANT-PRESSURE,0.462558422968,MPa
2026-02-02T14:04:10Z,DEMO-WS-01,REF-05-COOLANT-FLOW,1.352170591,L/min
2026-02-02T14:04:10Z,DEMO-WS-01,REF-06-FEED-AXIS-ERROR,10.7397087733,µm
2026-02-02T14:04:10Z,DEMO-WS-01,REF-07-COOLANT-TEMPERATURE,104.132829911,°C
